INHERITS_FROM	Abounding_with	Locative_relation
INHERITS_FROM	Absorb_heat	Becoming
INHERITS_FROM	Abundance	Gradable_attributes
INHERITS_FROM	Abusing	Committing_crime
INHERITS_FROM	Accompaniment	Relation
INHERITS_FROM	Accoutrements	Artifact
INHERITS_FROM	Accuracy	Inclination
INHERITS_FROM	Achieving_first	Intentionally_create
INHERITS_FROM	Active_substance	Substance
INHERITS_FROM	Activity	Process
INHERITS_FROM	Activity_abandoned_state	Process_uncompleted_state
INHERITS_FROM	Activity_done_state	Process_completed_state
INHERITS_FROM	Activity_done_state	State
INHERITS_FROM	Activity_finish	Intentionally_act
INHERITS_FROM	Activity_finish	Process_end
INHERITS_FROM	Activity_ongoing	Process_continue
INHERITS_FROM	Activity_pause	Process_pause
INHERITS_FROM	Activity_paused_state	Process_stopped_state
INHERITS_FROM	Activity_ready_state	Process_initial_state
INHERITS_FROM	Activity_resume	Process_resume
INHERITS_FROM	Activity_start	Process_start
INHERITS_FROM	Activity_stop	Process_stop
INHERITS_FROM	Addiction	Gradable_attributes
INHERITS_FROM	Adjusting	Intentionally_affect
INHERITS_FROM	Adorning	Locative_relation
INHERITS_FROM	Aesthetics	Desirability
INHERITS_FROM	Aesthetics	Gradable_attributes
INHERITS_FROM	Age	Measurable_attributes
INHERITS_FROM	Aging	Eventive_affecting
INHERITS_FROM	Agree_or_refuse_to_act	Respond_to_proposal
INHERITS_FROM	Agriculture	Attempt_obtain_food_scenario
INHERITS_FROM	Aiming	Manipulation
INHERITS_FROM	Alignment_image_schema	Image_schema
INHERITS_FROM	Amalgamation	Reciprocality
INHERITS_FROM	Amassing	Getting
INHERITS_FROM	Ambient_temperature	Temperature
INHERITS_FROM	Ammunition	Artifact
INHERITS_FROM	Annoyance	Emotions_by_stimulus
INHERITS_FROM	Appearance	Perception
INHERITS_FROM	Apply_heat	Activity
INHERITS_FROM	Apply_heat	Intentionally_affect
INHERITS_FROM	Architectural_part	Shaped_part
INHERITS_FROM	Arithmetic_commutative	Arithmetic
INHERITS_FROM	Arithmetic_non-commutative	Arithmetic
INHERITS_FROM	Arraignment	Process
INHERITS_FROM	Arranging	Intentionally_affect
INHERITS_FROM	Arrest	Intentionally_affect
INHERITS_FROM	Arriving	Eventive_affecting
INHERITS_FROM	Arson	Offenses
INHERITS_FROM	Artifact	Entity
INHERITS_FROM	Artificiality	Gradable_attributes
INHERITS_FROM	Assemble	Come_together
INHERITS_FROM	Assessing	Cogitation
INHERITS_FROM	Assistance	Intentionally_act
INHERITS_FROM	Atonement	Intentionally_act
INHERITS_FROM	Attaching	Intentionally_affect
INHERITS_FROM	Attack	Intentionally_affect
INHERITS_FROM	Attempt_distant_interaction_scenario	Attempting_scenario
INHERITS_FROM	Attempt_means	Attempt
INHERITS_FROM	Attempt_obtain_food_scenario	Attempting_scenario
INHERITS_FROM	Attempt_obtain_mineral_scenario	Attempting_scenario
INHERITS_FROM	Attempt_suasion	Attempt
INHERITS_FROM	Attention	State
INHERITS_FROM	Avoiding	Intentionally_act
INHERITS_FROM	Awareness	Mental_activity
INHERITS_FROM	Bail_decision	Intentionally_act
INHERITS_FROM	Be_in_agreement_on_assessment	Similarity
INHERITS_FROM	Be_in_control	Control
INHERITS_FROM	Be_subset_of	Being_included
INHERITS_FROM	Bearing_arms	State
INHERITS_FROM	Becoming	Event
INHERITS_FROM	Becoming_a_member	Intentionally_act
INHERITS_FROM	Becoming_aware	Perception
INHERITS_FROM	Being_active	Gradable_attributes
INHERITS_FROM	Being_at_risk	Gradable_attributes
INHERITS_FROM	Being_attached	Reciprocality
INHERITS_FROM	Being_attached	State
INHERITS_FROM	Being_born	Coming_to_be
INHERITS_FROM	Being_dry	Gradable_attributes
INHERITS_FROM	Being_in_operation	State
INHERITS_FROM	Being_located	State
INHERITS_FROM	Being_named	Simple_name
INHERITS_FROM	Being_operational	Capability
INHERITS_FROM	Being_rotted	Gradable_attributes
INHERITS_FROM	Being_up_to_it	Capability
INHERITS_FROM	Being_wet	Gradable_attributes
INHERITS_FROM	Besieging	Attack
INHERITS_FROM	Biological_area	Locale
INHERITS_FROM	Biological_urge	Gradable_attributes
INHERITS_FROM	Birth	Event
INHERITS_FROM	Body_decoration	Artifact
INHERITS_FROM	Body_description_holistic	Gradable_attributes
INHERITS_FROM	Body_description_part	Gradable_attributes
INHERITS_FROM	Body_mark	Physical_entity
INHERITS_FROM	Bounded_entity	Physical_entity
INHERITS_FROM	Bounded_region	Image_schema
INHERITS_FROM	Bragging	Judgment_communication
INHERITS_FROM	Building	Intentionally_create
INHERITS_FROM	Buildings	Artifact
INHERITS_FROM	Calendric_unit	Location_in_time
INHERITS_FROM	Capability	Gradable_attributes
INHERITS_FROM	Capability	Possibility
INHERITS_FROM	Capacity	Capability
INHERITS_FROM	Causation	Eventive_affecting
INHERITS_FROM	Cause_bodily_experience	Transitive_action
INHERITS_FROM	Cause_change	Transitive_action
INHERITS_FROM	Cause_change_of_consistency	Transitive_action
INHERITS_FROM	Cause_change_of_phase	Transitive_action
INHERITS_FROM	Cause_change_of_position_on_a_scale	Transitive_action
INHERITS_FROM	Cause_change_of_strength	Transitive_action
INHERITS_FROM	Cause_expansion	Transitive_action
INHERITS_FROM	Cause_fluidic_motion	Cause_motion
INHERITS_FROM	Cause_harm	Cause_bodily_experience
INHERITS_FROM	Cause_harm	Transitive_action
INHERITS_FROM	Cause_impact	Transitive_action
INHERITS_FROM	Cause_motion	Transitive_action
INHERITS_FROM	Cause_proliferation_in_number	Cause_change_of_position_on_a_scale
INHERITS_FROM	Cause_temperature_change	Transitive_action
INHERITS_FROM	Cause_to_amalgamate	Intentionally_affect
INHERITS_FROM	Cause_to_be_dry	Transitive_action
INHERITS_FROM	Cause_to_be_included	Transitive_action
INHERITS_FROM	Cause_to_be_sharp	Transitive_action
INHERITS_FROM	Cause_to_be_wet	Transitive_action
INHERITS_FROM	Cause_to_continue	Transitive_action
INHERITS_FROM	Cause_to_end	Transitive_action
INHERITS_FROM	Cause_to_experience	Intentionally_affect
INHERITS_FROM	Cause_to_fragment	Transitive_action
INHERITS_FROM	Cause_to_make_noise	Transitive_action
INHERITS_FROM	Cause_to_move_in_place	Transitive_action
INHERITS_FROM	Cause_to_perceive	Intentionally_affect
INHERITS_FROM	Cause_to_resume	Transitive_action
INHERITS_FROM	Cause_to_rot	Transitive_action
INHERITS_FROM	Cause_to_wake	Transitive_action
INHERITS_FROM	Ceasing_to_be	Event
INHERITS_FROM	Certainty	Gradable_attributes
INHERITS_FROM	Change_event_duration	Cause_change
INHERITS_FROM	Change_event_time	Cause_change
INHERITS_FROM	Change_of_consistency	Event
INHERITS_FROM	Change_of_leadership	Appointing
INHERITS_FROM	Change_of_state_endstate	State
INHERITS_FROM	Change_of_state_initial_state	State
INHERITS_FROM	Change_posture	Intentionally_act
INHERITS_FROM	Change_resistance	Cause_change_of_strength
INHERITS_FROM	Change_tool	Intentionally_act
INHERITS_FROM	Chatting	Reciprocality
INHERITS_FROM	Chemical-sense_description	Gradable_attributes
INHERITS_FROM	Choosing	Deciding
INHERITS_FROM	Choosing	Intentionally_act
INHERITS_FROM	Clarity_of_resolution	Gradable_attributes
INHERITS_FROM	Clemency	Intentionally_act
INHERITS_FROM	Closure	Intentionally_affect
INHERITS_FROM	Clothing	Artifact
INHERITS_FROM	Collaboration	Intentionally_act
INHERITS_FROM	Collaboration	Reciprocality
INHERITS_FROM	Collocation_image_schema	Image_schema
INHERITS_FROM	Color	Gradable_attributes
INHERITS_FROM	Color_qualities	Gradable_attributes
INHERITS_FROM	Coming_to_believe	Event
INHERITS_FROM	Commerce_buy	Getting
INHERITS_FROM	Commerce_collect	Getting
INHERITS_FROM	Commerce_goods-transfer	Transfer
INHERITS_FROM	Commerce_money-transfer	Transfer
INHERITS_FROM	Commerce_pay	Giving
INHERITS_FROM	Commerce_sell	Giving
INHERITS_FROM	Commercial_transaction	Reciprocality
INHERITS_FROM	Committing_crime	Misdeed
INHERITS_FROM	Communication	Cause_to_perceive
INHERITS_FROM	Communication_manner	Communication
INHERITS_FROM	Communication_noise	Communication
INHERITS_FROM	Communication_response	Communication
INHERITS_FROM	Communication_response	Response
INHERITS_FROM	Compatibility	Gradable_attributes
INHERITS_FROM	Complaining	Statement
INHERITS_FROM	Completeness	Gradable_attributes
INHERITS_FROM	Compliance	Satisfying
INHERITS_FROM	Compliance	Social_behavior_evaluation
INHERITS_FROM	Confronting_problem	Intentionally_act
INHERITS_FROM	Connecting_architecture	Architectural_part
INHERITS_FROM	Connectors	Artifact
INHERITS_FROM	Contact_image_schema	Image_schema
INHERITS_FROM	Container_focused_placing	Transitive_action
INHERITS_FROM	Container_focused_removing	Transitive_action
INHERITS_FROM	Containing	Locative_relation
INHERITS_FROM	Containment_relation	Locative_relation
INHERITS_FROM	Containment_relation_IS	Trajector-Landmark
INHERITS_FROM	Control	Objective_influence
INHERITS_FROM	Cooking_creation	Intentionally_create
INHERITS_FROM	Corporal_punishment	Cause_harm
INHERITS_FROM	Corporal_punishment	Rewards_and_punishments
INHERITS_FROM	Correctness	Gradable_attributes
INHERITS_FROM	Corroding_caused	Transitive_action
INHERITS_FROM	Cotheme	Self_motion
INHERITS_FROM	Create_physical_artwork	Intentionally_create
INHERITS_FROM	Creating	Transitive_action
INHERITS_FROM	Cure	Transitive_action
INHERITS_FROM	Cutting	Intentionally_affect
INHERITS_FROM	Cycle_of_life_and_death	Cycle_of_existence_scenario
INHERITS_FROM	Damaging	Transitive_action
INHERITS_FROM	Daring	Intentionally_act
INHERITS_FROM	Dead_or_alive	State
INHERITS_FROM	Death	Ceasing_to_be
INHERITS_FROM	Departing	Eventive_affecting
INHERITS_FROM	Desirability	Gradable_attributes
INHERITS_FROM	Desirable_event	Desirability
INHERITS_FROM	Desiring	Experiencer_focus
INHERITS_FROM	Destroying	Transitive_action
INHERITS_FROM	Difficulty	Gradable_attributes
INHERITS_FROM	Discussion	Chatting
INHERITS_FROM	Discussion	Reciprocality
INHERITS_FROM	Disgraceful_situation	Social_behavior_evaluation
INHERITS_FROM	Dispersal	Placing
INHERITS_FROM	Diversity	Similarity
INHERITS_FROM	Documents	Text
INHERITS_FROM	Dodging	Avoiding
INHERITS_FROM	Dominate_competitor	Be_in_control
INHERITS_FROM	Drop_in_on	Visitor_arrival
INHERITS_FROM	Duplication	Intentionally_create
INHERITS_FROM	Duration_attribute	Gradable_attributes
INHERITS_FROM	Duration_relation	Relation
INHERITS_FROM	Duration_scenario	Measure_scenario
INHERITS_FROM	Dying	State
INHERITS_FROM	Earnings_and_losses	Commerce_collect
INHERITS_FROM	Education_teaching	Intentionally_affect
INHERITS_FROM	Emotion_active	Cogitation
INHERITS_FROM	Emotions_by_possibility	Emotions_by_stimulus
INHERITS_FROM	Emotions_by_stimulus	Emotions
INHERITS_FROM	Emotions_of_mental_activity	Emotions_by_stimulus
INHERITS_FROM	Emotions_success_or_failure	Emotions_by_stimulus
INHERITS_FROM	Emptying	Container_focused_removing
INHERITS_FROM	Endangering	Transitive_action
INHERITS_FROM	Enforcing	Execute_plan
INHERITS_FROM	Escaping	Departing
INHERITS_FROM	Evading	Avoiding
INHERITS_FROM	Evaluative_comparison	Position_on_a_scale
INHERITS_FROM	Event_in_history	Socially_significant_history_scenario
INHERITS_FROM	Event_instance	Instance
INHERITS_FROM	Eventive_affecting	Event
INHERITS_FROM	Examination	Intentionally_act
INHERITS_FROM	Exchange	Intentionally_act
INHERITS_FROM	Exchange	Reciprocality
INHERITS_FROM	Exchange_currency	Cause_change
INHERITS_FROM	Execute_plan	Intentionally_act
INHERITS_FROM	Execution	Killing
INHERITS_FROM	Execution	Rewards_and_punishments
INHERITS_FROM	Exemplar	Instance
INHERITS_FROM	Exertive_force	Gradable_attributes
INHERITS_FROM	Exhaust_resource	Using
INHERITS_FROM	Existence	State
INHERITS_FROM	Expectation	Awareness
INHERITS_FROM	Expected_location_of_person	Locative_relation
INHERITS_FROM	Experience_bodily_harm	Event
INHERITS_FROM	Expertise	Social_behavior_evaluation
INHERITS_FROM	Extradition	Intentionally_affect
INHERITS_FROM	Fame	Gradable_attributes
INHERITS_FROM	Familiarity	Gradable_attributes
INHERITS_FROM	Fastener	Artifact
INHERITS_FROM	Fear	Emotions_by_possibility
INHERITS_FROM	Fighting_activity	Hostile_encounter
INHERITS_FROM	Filling	Container_focused_placing
INHERITS_FROM	Fining	Rewards_and_punishments
INHERITS_FROM	Finish_competition	Finish_game
INHERITS_FROM	Firing	Employment_end
INHERITS_FROM	Firing	Intentionally_affect
INHERITS_FROM	Fleeing	Self_motion
INHERITS_FROM	Fluidic_motion	Motion
INHERITS_FROM	Food	Physical_entity
INHERITS_FROM	Foreign_or_domestic_country	Political_locales
INHERITS_FROM	Forging	Duplication
INHERITS_FROM	Forming_relationships	Intentionally_act
INHERITS_FROM	Fragmentation_scenario	Becoming_separated
INHERITS_FROM	Frequency	Gradable_attributes
INHERITS_FROM	Front_for	Intentionally_act
INHERITS_FROM	Frugality	Social_behavior_evaluation
INHERITS_FROM	Fullness	Gradable_attributes
INHERITS_FROM	Gathering_up	Intentionally_affect
INHERITS_FROM	Gesture	Communication
INHERITS_FROM	Get_a_job	Intentionally_act
INHERITS_FROM	Getting	Event
INHERITS_FROM	Giving	Intentionally_act
INHERITS_FROM	Giving	Lose_possession
INHERITS_FROM	Giving_scenario	Lose_possession_scenario
INHERITS_FROM	Go_into_shape	Event
INHERITS_FROM	Goal	Locative_relation
INHERITS_FROM	Goal	Trajector-Landmark
INHERITS_FROM	Grasp	Awareness
INHERITS_FROM	Grinding	Transitive_action
INHERITS_FROM	Grooming	Intentionally_affect
INHERITS_FROM	Halt	Activity_stop
INHERITS_FROM	Have_as_requirement	Contingency
INHERITS_FROM	Having_commercial_agreement	Be_in_agreement_on_action
INHERITS_FROM	Having_or_lacking_access	Capability
INHERITS_FROM	Health_response	Inclination
INHERITS_FROM	Heralding	Intentionally_act
INHERITS_FROM	Hiding_objects	Intentionally_affect
INHERITS_FROM	Hiring	Intentionally_affect
INHERITS_FROM	Historic_event	Event_in_history
INHERITS_FROM	Historic_event	Eventive_affecting
INHERITS_FROM	History	Individual_history
INHERITS_FROM	Hit_or_miss	Success_or_failure
INHERITS_FROM	Hit_target	Intentionally_affect
INHERITS_FROM	Hospitality	Social_interaction_evaluation
INHERITS_FROM	Hostile_encounter	Intentionally_act
INHERITS_FROM	Hunting_scenario	Attempt_obtain_food_scenario
INHERITS_FROM	Idiosyncrasy	Relation
INHERITS_FROM	Immobilization	Intentionally_affect
INHERITS_FROM	Imposing_obligation	Transitive_action
INHERITS_FROM	Imprisonment	Inhibit_movement
INHERITS_FROM	In	Containment_relation_IS
INHERITS_FROM	Inclination	Gradable_attributes
INHERITS_FROM	Indicating	Mention
INHERITS_FROM	Indigenous_origin	Origin
INHERITS_FROM	Ineffability	Stimulus_focus
INHERITS_FROM	Infrastructure	Artifact
INHERITS_FROM	Ingest_substance	Intentionally_act
INHERITS_FROM	Ingestion	Ingest_substance
INHERITS_FROM	Ingestion	Manipulation
INHERITS_FROM	Inhibit_movement	Intentionally_affect
INHERITS_FROM	Inspecting	Scrutinizing_for
INHERITS_FROM	Institutions	Organization
INHERITS_FROM	Intentional_traversing	Self_motion
INHERITS_FROM	Intentional_traversing	Traversing
INHERITS_FROM	Intentionally_act	Event
INHERITS_FROM	Intentionally_affect	Intentionally_act
INHERITS_FROM	Intentionally_affect	Transitive_action
INHERITS_FROM	Intentionally_create	Creating
INHERITS_FROM	Intentionally_create	Intentionally_act
INHERITS_FROM	Intercepting	Intentionally_act
INHERITS_FROM	Interrupt_process	Transitive_action
INHERITS_FROM	Into	Containment_relation_IS
INHERITS_FROM	Intoxication	Gradable_attributes
INHERITS_FROM	Invading	Attack
INHERITS_FROM	Judgment_direct_address	Judgment_communication
INHERITS_FROM	Judicial_body	Institutions
INHERITS_FROM	Just_found_out	Emotions_by_stimulus
INHERITS_FROM	Kidnapping	Committing_crime
INHERITS_FROM	Kidnapping	Getting
INHERITS_FROM	Killing	Transitive_action
INHERITS_FROM	Knot_creation	Intentionally_create
INHERITS_FROM	Labeling	Referring_by_name
INHERITS_FROM	Law	Artifact
INHERITS_FROM	Likelihood	Gradable_attributes
INHERITS_FROM	Lively_place	Abounding_with
INHERITS_FROM	Lively_place	Gradable_attributes
INHERITS_FROM	Locale_by_event	Locale
INHERITS_FROM	Locale_by_ownership	Locale
INHERITS_FROM	Locale_by_use	Locale
INHERITS_FROM	Location_of_light	Measurable_attributes
INHERITS_FROM	Locative_relation	Relation
INHERITS_FROM	Locative_relation	State
INHERITS_FROM	Locative_relation	Trajector-Landmark
INHERITS_FROM	Lose_possession	Eventive_affecting
INHERITS_FROM	Luck	Gradable_attributes
INHERITS_FROM	Make_acquaintance	Reciprocality
INHERITS_FROM	Manipulate_into_doing	Intentionally_affect
INHERITS_FROM	Manipulate_into_shape	Intentionally_affect
INHERITS_FROM	Manipulation	Intentionally_affect
INHERITS_FROM	Manufacturing	Intentionally_create
INHERITS_FROM	Mass_motion	Motion
INHERITS_FROM	Measurable_attributes	Attributes
INHERITS_FROM	Measurable_attributes	Gradable_attributes
INHERITS_FROM	Measure_area	Measures
INHERITS_FROM	Measure_by_action	Measures
INHERITS_FROM	Measure_duration	Measures
INHERITS_FROM	Measure_linear_extent	Measures
INHERITS_FROM	Measure_mass	Measures
INHERITS_FROM	Measure_volume	Measures
INHERITS_FROM	Medical_conditions	Gradable_attributes
INHERITS_FROM	Medical_professionals	People_by_vocation
INHERITS_FROM	Meet_specifications	Satisfying
INHERITS_FROM	Membership	Be_subset_of
INHERITS_FROM	Memorization	Cogitation
INHERITS_FROM	Mental_property	Social_behavior_evaluation
INHERITS_FROM	Mental_stimulus_exp_focus	Experiencer_focus
INHERITS_FROM	Military	Organization
INHERITS_FROM	Misdeed	Event
INHERITS_FROM	Money	Artifact
INHERITS_FROM	Morality_evaluation	Social_behavior_evaluation
INHERITS_FROM	Motion_directional	Motion
INHERITS_FROM	Motion_noise	Motion
INHERITS_FROM	Name_conferral	Intentionally_act
INHERITS_FROM	Natural_features	Locale
INHERITS_FROM	Noise_makers	Artifact
INHERITS_FROM	Nuclear_process	Undergo_change
INHERITS_FROM	Obligation_scenario	Required_event
INHERITS_FROM	Obscurity	Gradable_attributes
INHERITS_FROM	Observable_body_parts	Shaped_part
INHERITS_FROM	Obviousness	Gradable_attributes
INHERITS_FROM	Omen	Sign
INHERITS_FROM	Operate_vehicle	Operating_a_system
INHERITS_FROM	Operating_a_system	Using
INHERITS_FROM	Organization	Aggregate
INHERITS_FROM	Others_situation_as_stimulus	Emotions_by_stimulus
INHERITS_FROM	Pardon	Clemency
INHERITS_FROM	Part_edge	Part_whole
INHERITS_FROM	Part_inner_outer	Part_whole
INHERITS_FROM	Part_ordered_segments	Part_whole
INHERITS_FROM	Part_orientational	Part_whole
INHERITS_FROM	Part_piece	Being_included
INHERITS_FROM	Part_whole	Part_piece
INHERITS_FROM	Partiality	Social_interaction_evaluation
INHERITS_FROM	Partitive	Relation
INHERITS_FROM	Passing	Cause_motion
INHERITS_FROM	Passing_off	Intentionally_act
INHERITS_FROM	People_along_political_spectrum	People
INHERITS_FROM	People_by_age	People
INHERITS_FROM	People_by_jurisdiction	People
INHERITS_FROM	People_by_morality	People
INHERITS_FROM	People_by_origin	People
INHERITS_FROM	People_by_religion	People
INHERITS_FROM	People_by_residence	People
INHERITS_FROM	People_by_vocation	People
INHERITS_FROM	Perception_active	Intentionally_act
INHERITS_FROM	Perception_active	Perception
INHERITS_FROM	Perception_experience	Perception
INHERITS_FROM	Performers	People_by_vocation
INHERITS_FROM	Permitting	Prohibiting
INHERITS_FROM	Physical_entity	Entity
INHERITS_FROM	Piracy	Committing_crime
INHERITS_FROM	Piracy	Intentionally_act
INHERITS_FROM	Placing	Transitive_action
INHERITS_FROM	Political_locales	Locale_by_ownership
INHERITS_FROM	Posing_as	Passing_off
INHERITS_FROM	Position_on_a_scale	Gradable_attributes
INHERITS_FROM	Post_getting	Possession
INHERITS_FROM	Post_giving	Post_lose_possession
INHERITS_FROM	Post_lose_possession	Possession
INHERITS_FROM	Post_receiving	Post_getting
INHERITS_FROM	Post_transfer	Possession
INHERITS_FROM	Posture	State
INHERITS_FROM	Practice	Intentionally_act
INHERITS_FROM	Praiseworthiness	Social_behavior_evaluation
INHERITS_FROM	Pre_getting	Possession
INHERITS_FROM	Pre_giving	Pre_lose_possession
INHERITS_FROM	Pre_lose_possession	Possession
INHERITS_FROM	Pre_receiving	Pre_getting
INHERITS_FROM	Pre_transfer	Possession
INHERITS_FROM	Precipitation	Process
INHERITS_FROM	Predicament	State_of_entity
INHERITS_FROM	Preference	Desiring
INHERITS_FROM	Preliminaries	Means
INHERITS_FROM	Presence	Being_located
INHERITS_FROM	Preserving	Processing_materials
INHERITS_FROM	Prevent_from_having	Preventing
INHERITS_FROM	Prison	Locale_by_use
INHERITS_FROM	Process_completed_state	State
INHERITS_FROM	Process_end	Event
INHERITS_FROM	Process_initial_state	State
INHERITS_FROM	Process_pause	Event
INHERITS_FROM	Process_resume	Event
INHERITS_FROM	Process_start	Event
INHERITS_FROM	Process_stop	Event
INHERITS_FROM	Process_stopped_state	State
INHERITS_FROM	Process_uncompleted_state	State
INHERITS_FROM	Processing_materials	Intentionally_affect
INHERITS_FROM	Product_delivery	Delivery
INHERITS_FROM	Proliferating_in_number	Change_position_on_a_scale
INHERITS_FROM	Prominence	Gradable_attributes
INHERITS_FROM	Provide_lodging	Grant_permission
INHERITS_FROM	Proximity_image_schema	Image_schema
INHERITS_FROM	Punctual_perception	Perception_experience
INHERITS_FROM	Quarreling	Discussion
INHERITS_FROM	Quitting	Employment_end
INHERITS_FROM	Quitting	Intentionally_act
INHERITS_FROM	Quitting_a_place	Departing
INHERITS_FROM	Rape	Committing_crime
INHERITS_FROM	Rape	Intentionally_affect
INHERITS_FROM	Rashness	Social_behavior_evaluation
INHERITS_FROM	Reading	Scrutiny
INHERITS_FROM	Reading_aloud	Spelling_and_pronouncing
INHERITS_FROM	Reassuring	Communication
INHERITS_FROM	Receiving	Getting
INHERITS_FROM	Receiving_scenario	Getting_scenario
INHERITS_FROM	Recording	Statement
INHERITS_FROM	Region_with_portal	Bounded_region
INHERITS_FROM	Rejuvenation	Transitive_action
INHERITS_FROM	Relating_concepts	Cognitive_connection
INHERITS_FROM	Relation_between_individuals	Relation
INHERITS_FROM	Relational_natural_features	Natural_features
INHERITS_FROM	Relational_political_locales	Political_locales
INHERITS_FROM	Relational_quantity	Quantity
INHERITS_FROM	Relative_time	Relation
INHERITS_FROM	Releasing	Intentionally_affect
INHERITS_FROM	Releasing_from_custody	Releasing
INHERITS_FROM	Removing	Transitive_action
INHERITS_FROM	Render_nonfunctional	Transitive_action
INHERITS_FROM	Renting	Commerce_buy
INHERITS_FROM	Renting_out	Commerce_sell
INHERITS_FROM	Reparation	Intentionally_affect
INHERITS_FROM	Replacing	Intentionally_affect
INHERITS_FROM	Research	Scrutiny
INHERITS_FROM	Reshaping	Damaging
INHERITS_FROM	Resolve_problem	Intentionally_act
INHERITS_FROM	Response	Eventive_affecting
INHERITS_FROM	Rest	Part_whole
INHERITS_FROM	Reveal_secret	Statement
INHERITS_FROM	Revenge	Rewards_and_punishments
INHERITS_FROM	Rewards_and_punishments	Intentionally_affect
INHERITS_FROM	Rising_to_a_challenge	Meet_specifications
INHERITS_FROM	Risky_situation	Gradable_attributes
INHERITS_FROM	Roadways	Locale_by_use
INHERITS_FROM	Robbery	Committing_crime
INHERITS_FROM	Rope_manipulation	Manipulate_into_shape
INHERITS_FROM	Rotting	Event
INHERITS_FROM	Ruling_legally	Intentionally_act
INHERITS_FROM	Run_risk	Likelihood
INHERITS_FROM	Scarcity	Abundance
INHERITS_FROM	Scope	Attributes
INHERITS_FROM	Scouring	Scrutinizing_for
INHERITS_FROM	Scrutinizing_for	Scrutiny
INHERITS_FROM	Seeking	Seeking_to_achieve
INHERITS_FROM	Seeking_to_achieve	Working_on
INHERITS_FROM	Self_motion	Intentionally_act
INHERITS_FROM	Self_motion	Motion
INHERITS_FROM	Sensation	Perception
INHERITS_FROM	Sequence	Relation
INHERITS_FROM	Set_relation	Inclusion_scenario
INHERITS_FROM	Setting_fire	Transitive_action
INHERITS_FROM	Setting_out	Quitting_a_place
INHERITS_FROM	Shaped_part	Part_whole
INHERITS_FROM	Sharpness	Gradable_attributes
INHERITS_FROM	Shoot_projectiles	Cause_motion
INHERITS_FROM	Shooting_scenario	Attempt_distant_interaction_scenario
INHERITS_FROM	Shopping	Seeking
INHERITS_FROM	Sign_agreement	Text_creation
INHERITS_FROM	Silencing	Intentionally_affect
INHERITS_FROM	Similarity	Gradable_attributes
INHERITS_FROM	Similarity	Reciprocality
INHERITS_FROM	Simultaneity	Relation
INHERITS_FROM	Sleep	Process_continue
INHERITS_FROM	Smuggling	Bringing
INHERITS_FROM	Smuggling	Committing_crime
INHERITS_FROM	Soaking	Intentionally_affect
INHERITS_FROM	Social_behavior_evaluation	Gradable_attributes
INHERITS_FROM	Social_connection	Relation_between_individuals
INHERITS_FROM	Social_event_collective	Social_event
INHERITS_FROM	Social_event_individuals	Social_event
INHERITS_FROM	Social_interaction_evaluation	Social_behavior_evaluation
INHERITS_FROM	Socially_significant_history_scenario	History_scenario
INHERITS_FROM	Sound_level	Measurable_attributes
INHERITS_FROM	Speed	Measurable_attributes
INHERITS_FROM	State_of_entity	State
INHERITS_FROM	Stinginess	Social_interaction_evaluation
INHERITS_FROM	Store	Aggregate
INHERITS_FROM	Strictness	Social_interaction_evaluation
INHERITS_FROM	Suasion	Eventive_cognizer_affecting
INHERITS_FROM	Submitting_documents	Giving
INHERITS_FROM	Substance	Physical_entity
INHERITS_FROM	Subversion	Thwarting
INHERITS_FROM	Sufficiency	Position_on_a_scale
INHERITS_FROM	Suitability	Gradable_attributes
INHERITS_FROM	Summarizing	Communication
INHERITS_FROM	Supply	Giving
INHERITS_FROM	Supporting	Assistance
INHERITS_FROM	Surpassing	Position_on_a_scale
INHERITS_FROM	Surrendering_possession	Giving
INHERITS_FROM	Surviving	Success_or_failure
INHERITS_FROM	Suspiciousness	Social_behavior_evaluation
INHERITS_FROM	System	Set_of_interrelated_entities
INHERITS_FROM	Taking	Getting
INHERITS_FROM	Taking	Intentionally_affect
INHERITS_FROM	Taking_time	Gradable_attributes
INHERITS_FROM	Talking_into	Manipulate_into_doing
INHERITS_FROM	Tasting	Trying_out
INHERITS_FROM	Telling	Statement
INHERITS_FROM	Temperature	Measurable_attributes
INHERITS_FROM	Temporal_collocation	Trajector-Landmark
INHERITS_FROM	Temporary_stay	Residence
INHERITS_FROM	Temporary_stay	Visiting
INHERITS_FROM	Text	Artifact
INHERITS_FROM	Text_creation	Intentionally_create
INHERITS_FROM	Theft	Committing_crime
INHERITS_FROM	Theft	Taking
INHERITS_FROM	Thriving	State
INHERITS_FROM	Time_period_of_action	Timespan
INHERITS_FROM	Time_vector	Trajector-Landmark
INHERITS_FROM	Touring	Perception_active
INHERITS_FROM	Trajector-Landmark	Relation
INHERITS_FROM	Transfer	Eventive_affecting
INHERITS_FROM	Transitive_action	Event
INHERITS_FROM	Transitive_action	Objective_influence
INHERITS_FROM	Translating	Intentionally_create
INHERITS_FROM	Travel	Self_motion
INHERITS_FROM	Traversing	Motion
INHERITS_FROM	Trendiness	Social_behavior_evaluation
INHERITS_FROM	Trust	Certainty
INHERITS_FROM	Trying_out	Research
INHERITS_FROM	Unemployment_rate	Measurable_attributes
INHERITS_FROM	Use_firearm	Using
INHERITS_FROM	Used_up	Position_on_a_scale
INHERITS_FROM	Usefulness	Gradable_attributes
INHERITS_FROM	Using	Intentionally_affect
INHERITS_FROM	Vehicle	Artifact
INHERITS_FROM	Verdict	Intentionally_act
INHERITS_FROM	Verdict	Ruling_legally
INHERITS_FROM	Verification	Scrutiny
INHERITS_FROM	Visit_host	Visitor_scenario
INHERITS_FROM	Visit_host_arrival	Visiting_scenario_arrival
INHERITS_FROM	Visit_host_departure	Visiting_scenario_departing
INHERITS_FROM	Visit_host_stay	Visiting_scenario_stay
INHERITS_FROM	Visiting	Being_located
INHERITS_FROM	Visiting	Intentionally_act
INHERITS_FROM	Visiting	Visiting_scenario_stay
INHERITS_FROM	Visiting_scenario_arrival	Arriving
INHERITS_FROM	Visiting_scenario_departing	Departing
INHERITS_FROM	Visitor_and_host	Visiting_scenario
INHERITS_FROM	Visitor_arrival	Arriving
INHERITS_FROM	Visitor_arrival	Visiting_scenario_arrival
INHERITS_FROM	Visitor_departure	Departing
INHERITS_FROM	Visitor_departure	Visiting_scenario_departing
INHERITS_FROM	Vocalizations	Sounds
INHERITS_FROM	Volubility	Gradable_attributes
INHERITS_FROM	Waking_up	Event
INHERITS_FROM	Wealthiness	Gradable_attributes
INHERITS_FROM	Weapon	Artifact
INHERITS_FROM	Wholes_and_parts	Inclusion_scenario
INHERITS_FROM	Within_distance	Locative_relation
INHERITS_FROM	Working_on	Attempt
IS_CAUSATIVE_OF	Apply_heat	Absorb_heat
IS_CAUSATIVE_OF	Attaching	Inchoative_attaching
IS_CAUSATIVE_OF	Cause_bodily_experience	Perception_body
IS_CAUSATIVE_OF	Cause_change	Undergo_change
IS_CAUSATIVE_OF	Cause_change_of_consistency	Change_of_consistency
IS_CAUSATIVE_OF	Cause_change_of_phase	Change_of_phase
IS_CAUSATIVE_OF	Cause_change_of_position_on_a_scale	Change_position_on_a_scale
IS_CAUSATIVE_OF	Cause_emotion	Experiencer_focus
IS_CAUSATIVE_OF	Cause_expansion	Expansion
IS_CAUSATIVE_OF	Cause_fluidic_motion	Fluidic_motion
IS_CAUSATIVE_OF	Cause_proliferation_in_number	Proliferating_in_number
IS_CAUSATIVE_OF	Cause_temperature_change	Inchoative_change_of_temperature
IS_CAUSATIVE_OF	Cause_to_amalgamate	Amalgamation
IS_CAUSATIVE_OF	Cause_to_be_dry	Being_dry
IS_CAUSATIVE_OF	Cause_to_be_wet	Being_wet
IS_CAUSATIVE_OF	Cause_to_continue	Process_continue
IS_CAUSATIVE_OF	Cause_to_continue	State_continue
IS_CAUSATIVE_OF	Cause_to_end	Process_end
IS_CAUSATIVE_OF	Cause_to_fragment	Breaking_apart
IS_CAUSATIVE_OF	Cause_to_make_noise	Make_noise
IS_CAUSATIVE_OF	Cause_to_make_progress	Progress
IS_CAUSATIVE_OF	Cause_to_move_in_place	Moving_in_place
IS_CAUSATIVE_OF	Cause_to_perceive	Perception_experience
IS_CAUSATIVE_OF	Cause_to_resume	Process_resume
IS_CAUSATIVE_OF	Cause_to_rot	Rotting
IS_CAUSATIVE_OF	Cause_to_start	Process_start
IS_CAUSATIVE_OF	Change_of_leadership	Leadership
IS_CAUSATIVE_OF	Change_operational_state	Being_in_operation
IS_CAUSATIVE_OF	Change_posture	Posture
IS_CAUSATIVE_OF	Corroding_caused	Corroding
IS_CAUSATIVE_OF	Cure	Recovery
IS_CAUSATIVE_OF	Detaching	Becoming_detached
IS_CAUSATIVE_OF	Emitting	Emanating
IS_CAUSATIVE_OF	Endangering	Being_at_risk
IS_CAUSATIVE_OF	Eventive_cognizer_affecting	Purpose
IS_CAUSATIVE_OF	Exhaust_resource	Used_up
IS_CAUSATIVE_OF	Gathering_up	Come_together
IS_CAUSATIVE_OF	Giving	Getting
IS_CAUSATIVE_OF	Grinding	Ground_up
IS_CAUSATIVE_OF	Hiding_objects	Eclipse
IS_CAUSATIVE_OF	Imposing_obligation	Being_obligated
IS_CAUSATIVE_OF	Interrupt_process	Process_pause
IS_CAUSATIVE_OF	Killing	Death
IS_CAUSATIVE_OF	Name_conferral	Being_named
IS_CAUSATIVE_OF	Replacing	Take_place_of
IS_CAUSATIVE_OF	Separating	Becoming_separated
IS_CAUSATIVE_OF	Silencing	Become_silent
IS_CAUSATIVE_OF	Thwarting	Success_or_failure
IS_INCHOATIVE_OF	Becoming_a_member	Membership
IS_INCHOATIVE_OF	Becoming_detached	Being_detached
IS_INCHOATIVE_OF	Cause_change_of_phase	Altered_phase
IS_INCHOATIVE_OF	Change_position_on_a_scale	Position_on_a_scale
IS_INCHOATIVE_OF	Come_together	Aggregate
IS_INCHOATIVE_OF	Coming_to_be	Existence
IS_INCHOATIVE_OF	Coming_to_believe	Awareness
IS_INCHOATIVE_OF	Death	Dead_or_alive
IS_INCHOATIVE_OF	Forming_relationships	Personal_relationship
IS_INCHOATIVE_OF	Go_into_shape	Shapes
IS_INCHOATIVE_OF	Inchoative_attaching	Being_attached
IS_INCHOATIVE_OF	Inchoative_change_of_temperature	Temperature
IS_INCHOATIVE_OF	Memorization	Remembering_information
IS_INCHOATIVE_OF	Possession	Getting
IS_INCHOATIVE_OF	Process_start	Process_continue
IS_INCHOATIVE_OF	Rising_to_a_challenge	Being_up_to_it
PERSPECTIVE_ON	Attack	Hostile_encounter
PERSPECTIVE_ON	Be_subset_of	Set_relation
PERSPECTIVE_ON	Being_at_risk	Risk_scenario
PERSPECTIVE_ON	Being_employed	Employment_continue
PERSPECTIVE_ON	Being_included	Inclusion_scenario
PERSPECTIVE_ON	Being_necessary	Requirement_scenario
PERSPECTIVE_ON	Being_obligated	Obligation_scenario
PERSPECTIVE_ON	Being_obligatory	Obligation_scenario
PERSPECTIVE_ON	Breaking_apart	Fragmentation_scenario
PERSPECTIVE_ON	Breaking_off	Fragmentation_scenario
PERSPECTIVE_ON	Commerce_buy	Commerce_goods-transfer
PERSPECTIVE_ON	Commerce_collect	Commerce_money-transfer
PERSPECTIVE_ON	Commerce_pay	Commerce_money-transfer
PERSPECTIVE_ON	Commerce_sell	Commerce_goods-transfer
PERSPECTIVE_ON	Commutative_process	Arithmetic_commutative
PERSPECTIVE_ON	Commutative_statement	Arithmetic_commutative
PERSPECTIVE_ON	Container_focused_placing	Placing_scenario
PERSPECTIVE_ON	Container_focused_removing	Removing_scenario
PERSPECTIVE_ON	Containing	Containment
PERSPECTIVE_ON	Containment_relation_IS	Containment
PERSPECTIVE_ON	Dimension	Measure_scenario
PERSPECTIVE_ON	Dominate_competitor	Domination
PERSPECTIVE_ON	Dominate_situation	Domination
PERSPECTIVE_ON	Drop_in_on	Visit_host_arrival
PERSPECTIVE_ON	Duration_attribute	Duration_scenario
PERSPECTIVE_ON	Duration_relation	Duration_scenario
PERSPECTIVE_ON	Duration_scenario	Delimited_state_scenario
PERSPECTIVE_ON	Elusive_goal	Resolve_attempt_scenario
PERSPECTIVE_ON	Employee's_scenario	Employment_scenario
PERSPECTIVE_ON	Employer's_scenario	Employment_scenario
PERSPECTIVE_ON	Employing	Employment_continue
PERSPECTIVE_ON	Exemplariness	Exemplar
PERSPECTIVE_ON	Experiencer_focus	Emotions
PERSPECTIVE_ON	Get_a_job	Employment_start
PERSPECTIVE_ON	Giving	Transfer
PERSPECTIVE_ON	Giving_scenario	Transfer_scenario
PERSPECTIVE_ON	Growing_food	Agriculture
PERSPECTIVE_ON	Have_as_requirement	Requirement_scenario
PERSPECTIVE_ON	Having_or_lacking_access	Access_scenario
PERSPECTIVE_ON	Hiring	Employment_start
PERSPECTIVE_ON	Inclusion	Inclusion_scenario
PERSPECTIVE_ON	Individual_history	History_scenario
PERSPECTIVE_ON	Knot_creation	Knot_creation_scenario
PERSPECTIVE_ON	Location_in_time	Simultaneity
PERSPECTIVE_ON	Losing_track_of_perceiver	Losing_track_of
PERSPECTIVE_ON	Losing_track_of_theme	Losing_track_of
PERSPECTIVE_ON	Means	Causation
PERSPECTIVE_ON	Measurable_attributes	Measure_scenario
PERSPECTIVE_ON	Measure_duration	Duration_scenario
PERSPECTIVE_ON	Measures	Measure_scenario
PERSPECTIVE_ON	Meet_with_response	Response_scenario
PERSPECTIVE_ON	Mental_stimulus_exp_focus	Emotions_of_mental_activity
PERSPECTIVE_ON	Mental_stimulus_stimulus_focus	Emotions_of_mental_activity
PERSPECTIVE_ON	Mention	Communication
PERSPECTIVE_ON	Motion	Motion_scenario
PERSPECTIVE_ON	Non-commutative_process	Arithmetic_non-commutative
PERSPECTIVE_ON	Non-commutative_statement	Arithmetic_non-commutative
PERSPECTIVE_ON	Openness	Access_scenario
PERSPECTIVE_ON	Operate_vehicle	Use_vehicle
PERSPECTIVE_ON	Part_piece	Wholes_and_parts
PERSPECTIVE_ON	Placing	Placing_scenario
PERSPECTIVE_ON	Post_giving	Post_transfer
PERSPECTIVE_ON	Post_receiving	Post_transfer
PERSPECTIVE_ON	Pre_giving	Pre_transfer
PERSPECTIVE_ON	Pre_receiving	Pre_transfer
PERSPECTIVE_ON	Preliminaries	Activity_prepare
PERSPECTIVE_ON	Process_continue	Delimited_state_scenario
PERSPECTIVE_ON	Provide_lodging	Lodging_scenario
PERSPECTIVE_ON	Quantity	Measure_scenario
PERSPECTIVE_ON	Receive_visitor_scenario	Visitor_and_host
PERSPECTIVE_ON	Receiving	Transfer
PERSPECTIVE_ON	Receiving_scenario	Transfer_scenario
PERSPECTIVE_ON	Reciprocality_focus	Reciprocality
PERSPECTIVE_ON	Reciprocality_subordinate_event	Reciprocality
PERSPECTIVE_ON	Removing	Removing_scenario
PERSPECTIVE_ON	Response	Response_scenario
PERSPECTIVE_ON	Ride_vehicle	Use_vehicle
PERSPECTIVE_ON	Risky_situation	Risk_scenario
PERSPECTIVE_ON	Rope_manipulation	Knot_creation_scenario
PERSPECTIVE_ON	Run_risk	Risk_scenario
PERSPECTIVE_ON	Scrutinizing_for	Searching_scenario
PERSPECTIVE_ON	Seeking	Searching_scenario
PERSPECTIVE_ON	Shoot_projectiles	Shooting_scenario
PERSPECTIVE_ON	Source_of_getting	Motion_scenario
PERSPECTIVE_ON	Stimulus_focus	Emotions
PERSPECTIVE_ON	Success_or_failure	Resolve_attempt_scenario
PERSPECTIVE_ON	Successful_action	Resolve_attempt_scenario
PERSPECTIVE_ON	Temporal_collocation	Simultaneity
PERSPECTIVE_ON	Temporary_stay	Lodging_scenario
PERSPECTIVE_ON	Text_scenario	Medium
PERSPECTIVE_ON	Text_scenario	Topic
PERSPECTIVE_ON	Thwarting	Resolve_attempt_scenario
PERSPECTIVE_ON	Timespan	Delimited_state_scenario
PERSPECTIVE_ON	Try_defendant	Trial
PERSPECTIVE_ON	Typicality	Instance
PERSPECTIVE_ON	Use_firearm	Shooting_scenario
PERSPECTIVE_ON	Visit_host	Visitor_and_host
PERSPECTIVE_ON	Visitor_scenario	Visiting_scenario
PERSPECTIVE_ON	Win_prize	Finish_competition
PRECEDES	Activity_finish	Activity_done_state
PRECEDES	Activity_ongoing	Activity_finish
PRECEDES	Activity_ongoing	Activity_pause
PRECEDES	Activity_ongoing	Activity_stop
PRECEDES	Activity_pause	Activity_paused_state
PRECEDES	Activity_paused_state	Activity_resume
PRECEDES	Activity_prepare	Activity_ready_state
PRECEDES	Activity_ready_state	Activity_start
PRECEDES	Activity_resume	Activity_ongoing
PRECEDES	Activity_start	Activity_ongoing
PRECEDES	Activity_stop	Activity_abandoned_state
PRECEDES	Activity_stop	Activity_paused_state
PRECEDES	Aiming	Hit_or_miss
PRECEDES	Arraignment	Trial
PRECEDES	Arrest	Arraignment
PRECEDES	Assemble	Meet_with
PRECEDES	Attempt	Success_or_failure
PRECEDES	Being_awake	Fall_asleep
PRECEDES	Being_awake	Getting_up
PRECEDES	Being_born	Death
PRECEDES	Being_born	Dying
PRECEDES	Being_employed	Quitting
PRECEDES	Birth	Death
PRECEDES	Birth	Dying
PRECEDES	Ceasing_to_be	Out_of_existence
PRECEDES	Change_of_phase	Altered_phase
PRECEDES	Change_of_state_initial_state	Event
PRECEDES	Coming_to_be	Existence
PRECEDES	Committing_crime	Criminal_investigation
PRECEDES	Confronting_problem	Resolve_problem
PRECEDES	Court_examination	Jury_deliberation
PRECEDES	Criminal_investigation	Criminal_process
PRECEDES	Departing	Arriving
PRECEDES	Dying	Death
PRECEDES	Employing	Firing
PRECEDES	Employment_continue	Employment_end
PRECEDES	Employment_start	Employment_continue
PRECEDES	Entering_of_plea	Bail_decision
PRECEDES	Event	Change_of_state_endstate
PRECEDES	Existence	Ceasing_to_be
PRECEDES	Fall_asleep	Sleep
PRECEDES	Get_a_job	Being_employed
PRECEDES	Getting	Post_getting
PRECEDES	Giving	Post_giving
PRECEDES	Hiring	Employing
PRECEDES	Invading	Conquering
PRECEDES	Invading	Repel
PRECEDES	Jury_deliberation	Verdict
PRECEDES	Lose_possession	Post_lose_possession
PRECEDES	Notification_of_charges	Entering_of_plea
PRECEDES	Pre_getting	Getting
PRECEDES	Pre_giving	Giving
PRECEDES	Pre_lose_possession	Lose_possession
PRECEDES	Pre_receiving	Receiving
PRECEDES	Pre_transfer	Transfer
PRECEDES	Process_continue	Process_end
PRECEDES	Process_continue	Process_pause
PRECEDES	Process_continue	Process_stop
PRECEDES	Process_end	Process_completed_state
PRECEDES	Process_initial_state	Process_start
PRECEDES	Process_pause	Process_stopped_state
PRECEDES	Process_resume	Process_continue
PRECEDES	Process_start	Process_continue
PRECEDES	Process_stop	Process_stopped_state
PRECEDES	Process_stop	Process_uncompleted_state
PRECEDES	Process_stopped_state	Process_resume
PRECEDES	Receiving	Post_receiving
PRECEDES	Removing	Placing
PRECEDES	Sleep	Waking_up
PRECEDES	Text	Labor_product
PRECEDES	Transfer	Post_transfer
PRECEDES	Trial	Sentencing
PRECEDES	Visit_host_arrival	Visit_host_stay
PRECEDES	Visit_host_stay	Visit_host_departure
PRECEDES	Visiting	Visitor_departure
PRECEDES	Visiting_scenario_arrival	Visiting_scenario_stay
PRECEDES	Visiting_scenario_stay	Visiting_scenario_departing
PRECEDES	Visitor_arrival	Visiting
PRECEDES	Waking_up	Being_awake
SEE_ALSO	Abounding_with	Adorning
SEE_ALSO	Be_translation_equivalent	Have_as_translation_equivalent
SEE_ALSO	Being_at_risk	Run_risk
SEE_ALSO	Bringing	Motion
SEE_ALSO	Cause_impact	Make_noise
SEE_ALSO	Cause_to_make_noise	Make_noise
SEE_ALSO	Choosing	Deciding
SEE_ALSO	Collocation_image_schema	Proximity_image_schema
SEE_ALSO	Completeness	Ranked_expectation
SEE_ALSO	Contrition	Guilt_or_innocence
SEE_ALSO	Cooking_creation	Apply_heat
SEE_ALSO	Dimension	Measurable_attributes
SEE_ALSO	Education_teaching	Memorization
SEE_ALSO	Evading	Elusive_goal
SEE_ALSO	Execute_plan	Being_in_effect
SEE_ALSO	Filling	Placing
SEE_ALSO	Friction	Make_noise
SEE_ALSO	Holding_off_on	Waiting
SEE_ALSO	Impact	Make_noise
SEE_ALSO	Judgment_communication	Judgment
SEE_ALSO	Light_movement	Location_of_light
SEE_ALSO	Motion_noise	Make_noise
SEE_ALSO	Objective_influence	Subjective_influence
SEE_ALSO	Operate_vehicle	Motion
SEE_ALSO	Opinion	Awareness
SEE_ALSO	Passing	Bringing
SEE_ALSO	Perception_experience	Perception_active
SEE_ALSO	Presence	Existence
SEE_ALSO	Remembering_experience	Remembering_information
SEE_ALSO	Remembering_to_do	Remembering_information
SEE_ALSO	Removing	Placing
SEE_ALSO	Replacing	Exchange
SEE_ALSO	Ride_vehicle	Motion
SEE_ALSO	Risky_situation	Run_risk
SEE_ALSO	Self_motion	Motion
SEE_ALSO	Sending	Bringing
SEE_ALSO	Social_interaction_evaluation	Sociability
SEE_ALSO	Sound_movement	Make_noise
SEE_ALSO	Sounds	Make_noise
SEE_ALSO	Time_vector	Relative_time
SEE_ALSO	Using	Operating_a_system
SUBFRAME_OF	Activity_abandoned_state	Activity
SUBFRAME_OF	Activity_done_state	Activity
SUBFRAME_OF	Activity_finish	Activity
SUBFRAME_OF	Activity_ongoing	Activity
SUBFRAME_OF	Activity_pause	Activity
SUBFRAME_OF	Activity_paused_state	Activity
SUBFRAME_OF	Activity_prepare	Activity
SUBFRAME_OF	Activity_ready_state	Activity
SUBFRAME_OF	Activity_resume	Activity
SUBFRAME_OF	Activity_start	Activity
SUBFRAME_OF	Activity_stop	Activity
SUBFRAME_OF	Aiming	Attempt_distant_interaction_scenario
SUBFRAME_OF	Altered_phase	Change_of_phase_scenario
SUBFRAME_OF	Arraignment	Criminal_process
SUBFRAME_OF	Arrest	Criminal_process
SUBFRAME_OF	Arriving	Traversing
SUBFRAME_OF	Attempt	Attempting_scenario
SUBFRAME_OF	Attempt_suasion	Test_the_test
SUBFRAME_OF	Bail_decision	Arraignment
SUBFRAME_OF	Being_awake	Sleep_wake_cycle
SUBFRAME_OF	Being_born	Cycle_of_life_and_death
SUBFRAME_OF	Being_employed	Employee's_scenario
SUBFRAME_OF	Building_subparts	Buildings
SUBFRAME_OF	Causation	Causation_scenario
SUBFRAME_OF	Ceasing_to_be	Cycle_of_existence_scenario
SUBFRAME_OF	Change_of_phase	Change_of_phase_scenario
SUBFRAME_OF	Change_of_state_endstate	Change_of_state_scenario
SUBFRAME_OF	Change_of_state_initial_state	Change_of_state_scenario
SUBFRAME_OF	Coming_to_be	Cycle_of_existence_scenario
SUBFRAME_OF	Commerce_goods-transfer	Commercial_transaction
SUBFRAME_OF	Commerce_money-transfer	Commercial_transaction
SUBFRAME_OF	Commercial_transaction	Commerce_scenario
SUBFRAME_OF	Committing_crime	Crime_scenario
SUBFRAME_OF	Conquering	Invasion_scenario
SUBFRAME_OF	Court_examination	Trial
SUBFRAME_OF	Criminal_investigation	Crime_scenario
SUBFRAME_OF	Criminal_process	Crime_scenario
SUBFRAME_OF	Dead_or_alive	Cycle_of_life_and_death
SUBFRAME_OF	Death	Cycle_of_life_and_death
SUBFRAME_OF	Departing	Traversing
SUBFRAME_OF	Drop_in_on	Visit_host
SUBFRAME_OF	Employing	Employer's_scenario
SUBFRAME_OF	Employment_continue	Employment_scenario
SUBFRAME_OF	Employment_end	Employment_scenario
SUBFRAME_OF	Employment_start	Employment_scenario
SUBFRAME_OF	Entering_of_plea	Arraignment
SUBFRAME_OF	Event	Change_of_state_scenario
SUBFRAME_OF	Existence	Cycle_of_existence_scenario
SUBFRAME_OF	Fall_asleep	Sleep_wake_cycle
SUBFRAME_OF	Finish_competition	Competition
SUBFRAME_OF	Firing	Employer's_scenario
SUBFRAME_OF	Food_gathering	Agriculture
SUBFRAME_OF	Get_a_job	Employee's_scenario
SUBFRAME_OF	Getting	Getting_scenario
SUBFRAME_OF	Getting_underway	Motion
SUBFRAME_OF	Getting_up	Sleep_wake_cycle
SUBFRAME_OF	Giving	Giving_scenario
SUBFRAME_OF	Halt	Motion
SUBFRAME_OF	Have_visitor_over	Receive_visitor_scenario
SUBFRAME_OF	Having_commercial_agreement	Commerce_scenario
SUBFRAME_OF	Hiring	Employer's_scenario
SUBFRAME_OF	Historic_event	Individual_history
SUBFRAME_OF	Hit_or_miss	Attempt_distant_interaction_scenario
SUBFRAME_OF	Hunting	Hunting_scenario
SUBFRAME_OF	Hunting_success_or_failure	Hunting_scenario
SUBFRAME_OF	Impact	Cause_impact
SUBFRAME_OF	Invading	Invasion_scenario
SUBFRAME_OF	Jury_deliberation	Trial
SUBFRAME_OF	Lose_possession	Lose_possession_scenario
SUBFRAME_OF	Notification_of_charges	Arraignment
SUBFRAME_OF	Out_of_existence	Cycle_of_existence_scenario
SUBFRAME_OF	Placing	Cause_motion
SUBFRAME_OF	Planting	Agriculture
SUBFRAME_OF	Post_getting	Getting_scenario
SUBFRAME_OF	Post_giving	Giving_scenario
SUBFRAME_OF	Post_lose_possession	Lose_possession_scenario
SUBFRAME_OF	Post_receiving	Receiving_scenario
SUBFRAME_OF	Post_transfer	Transfer_scenario
SUBFRAME_OF	Pre_getting	Getting_scenario
SUBFRAME_OF	Pre_giving	Giving_scenario
SUBFRAME_OF	Pre_lose_possession	Lose_possession_scenario
SUBFRAME_OF	Pre_receiving	Receiving_scenario
SUBFRAME_OF	Pre_transfer	Transfer_scenario
SUBFRAME_OF	Precipitation	Weather
SUBFRAME_OF	Process_completed_state	Process
SUBFRAME_OF	Process_continue	Process
SUBFRAME_OF	Process_end	Process
SUBFRAME_OF	Process_initial_state	Process
SUBFRAME_OF	Process_pause	Process
SUBFRAME_OF	Process_resume	Process
SUBFRAME_OF	Process_start	Process
SUBFRAME_OF	Process_stop	Process
SUBFRAME_OF	Process_stopped_state	Process
SUBFRAME_OF	Process_uncompleted_state	Process
SUBFRAME_OF	Purpose	Attempting_scenario
SUBFRAME_OF	Quitting	Employee's_scenario
SUBFRAME_OF	Quitting_a_place	Intentional_traversing
SUBFRAME_OF	Quitting_a_place	Self_motion
SUBFRAME_OF	Receiving	Receiving_scenario
SUBFRAME_OF	Removing	Cause_motion
SUBFRAME_OF	Repel	Invasion_scenario
SUBFRAME_OF	Sentencing	Criminal_process
SUBFRAME_OF	Setting_out	Travel
SUBFRAME_OF	Sleep	Sleep_wake_cycle
SUBFRAME_OF	Suasion	Test_the_test
SUBFRAME_OF	Success_or_failure	Attempting_scenario
SUBFRAME_OF	Transfer	Transfer_scenario
SUBFRAME_OF	Trial	Criminal_process
SUBFRAME_OF	Verdict	Trial
SUBFRAME_OF	Visit_host_arrival	Visitor_and_host
SUBFRAME_OF	Visit_host_departure	Visitor_and_host
SUBFRAME_OF	Visit_host_stay	Visitor_and_host
SUBFRAME_OF	Visiting	Visitor_scenario
SUBFRAME_OF	Visiting_scenario_arrival	Visiting_scenario
SUBFRAME_OF	Visiting_scenario_departing	Visiting_scenario
SUBFRAME_OF	Visiting_scenario_stay	Visiting_scenario
SUBFRAME_OF	Visitor_arrival	Visitor_scenario
SUBFRAME_OF	Visitor_departure	Visitor_scenario
SUBFRAME_OF	Waking_up	Sleep_wake_cycle
USES	Abusing	Cause_harm
USES	Accomplishment	Intentionally_act
USES	Accuracy	Measurable_attributes
USES	Accuracy	Success_or_failure
USES	Achieving_first	First_experience
USES	Achieving_first	Test35
USES	Activity_abandoned_state	Process_stopped_state
USES	Activity_pause	Eventive_affecting
USES	Activity_prepare	Eventive_affecting
USES	Activity_start	Eventive_affecting
USES	Activity_stop	Eventive_affecting
USES	Adding_up	Amounting_to
USES	Adducing	Statement
USES	Adjusting	Cause_change
USES	Adopt_selection	Choosing
USES	Aging	Age
USES	Alliance	Competition
USES	Alliance	Organization
USES	Appeal	Criminal_process
USES	Arranging	Placing
USES	Arrest	Inhibit_movement
USES	Arson	Intentionally_affect
USES	Arson	Setting_fire
USES	Artifact	Using
USES	Assemble	Intentionally_act
USES	Assistance	Intentionally_act
USES	Atonement	Forgiveness
USES	Attempt_distant_interaction_scenario	Manipulation
USES	Attempt_suasion	Communication
USES	Attempt_suasion	Influence_of_event_on_cognizer
USES	Attention_getting	Referring_by_name
USES	Attributed_information	Statement
USES	Awareness	Information
USES	Bail_decision	Communication
USES	Be_in_agreement_on_action	Make_agreement_on_action
USES	Be_in_agreement_on_assessment	Opinion
USES	Be_translation_equivalent	Translating
USES	Bearing_arms	Weapon
USES	Beat_opponent	Win_prize
USES	Behind_the_scenes	Performing_arts
USES	Being_active	Activity_ongoing
USES	Being_detached	Being_attached
USES	Being_in_category	Categorization
USES	Being_in_effect	Obligation_scenario
USES	Being_in_operation	Gizmo
USES	Being_located	Locative_relation
USES	Being_operational	Render_nonfunctional
USES	Being_rotted	Being_wet
USES	Beyond_compare	Surpassing
USES	Board_vehicle	Ride_vehicle
USES	Body_decoration	Observable_body_parts
USES	Body_description_part	Observable_body_parts
USES	Body_mark	Observable_body_parts
USES	Body_movement	Motion
USES	Body_movement	Observable_body_parts
USES	Bond_maturation	Repayment
USES	Bounded_entity	Being_located
USES	Bounded_entity	Boundary
USES	Breathing	Fluidic_motion
USES	Bringing	Cause_motion
USES	Bringing	Motion
USES	Building_subparts	Locale
USES	Buildings	Locale_by_use
USES	Bungling	Intentionally_act
USES	Bungling	Intentionally_affect
USES	Businesses	Commerce_scenario
USES	Candidness	Communication
USES	Capability	Likelihood
USES	Carry_goods	Commerce_sell
USES	Carry_goods	Storing
USES	Catastrophe	Eventive_affecting
USES	Categorization	Instance
USES	Categorization	Mental_activity
USES	Cause_harm	Experience_bodily_harm
USES	Cause_to_fragment	Destroying
USES	Cause_to_move_in_place	Activity_ongoing
USES	Cause_to_move_in_place	Manipulation
USES	Certainty	Awareness
USES	Change_direction	Direction
USES	Change_direction	Motion
USES	Change_event_time	Calendric_unit
USES	Change_of_quantity_of_possession	Change_position_on_a_scale
USES	Change_of_quantity_of_possession	Possession
USES	Chatting	Statement
USES	Chemical-sense_description	Appearance
USES	Claim_ownership	Communication
USES	Clothing	Closure
USES	Clothing_parts	Clothing
USES	Cogitation	Mental_activity
USES	Colonization	Residence
USES	Coming_to_believe	Mental_activity
USES	Coming_up_with	Eventive_affecting
USES	Commitment	Communication
USES	Committing_crime	Compliance
USES	Committing_crime	Legality
USES	Communicate_categorization	Categorization
USES	Communication	Information
USES	Communication	Topic
USES	Communication_means	Communication
USES	Communication_noise	Make_noise
USES	Commutation	Clemency
USES	Competition	Intentionally_act
USES	Completeness	Part_whole
USES	Compliance	Obligation_scenario
USES	Concessive	Communication
USES	Conduct	Intentionally_act
USES	Conduct	Social_behavior_evaluation
USES	Connectors	Attaching
USES	Contacting	Communication
USES	Containers	Bounded_entity
USES	Containers	Containing
USES	Containment_relation_IS	Containment
USES	Continued_state_of_affairs	State_continue
USES	Contrition	Emotions
USES	Convey_importance	Communication
USES	Cooking_creation	Apply_heat
USES	Correctness	Information
USES	Correctness	Similarity
USES	Cotheme	Motion
USES	Court_examination	Questioning
USES	Craft	Custom
USES	Craft	Fields
USES	Create_physical_artwork	Physical_artworks
USES	Create_representation	Create_physical_artwork
USES	Create_representation	Physical_artworks
USES	Criminal_investigation	Seeking
USES	Custom	Frequency
USES	Cycle_of_existence_scenario	Entity
USES	Deciding	Intentionally_act
USES	Defend	Attack
USES	Degree	Importance
USES	Degree_of_processing	Processing_materials
USES	Delimitation_of_diversity	Diversity
USES	Delimitation_of_diversity	Position_on_a_scale
USES	Delivery	Sending
USES	Deny_permission	Communication
USES	Departing	Motion
USES	Deserving	Reason
USES	Deserving	Required_event
USES	Deserving	Response
USES	Desirability	Experiencer_focus
USES	Desirable_event	Required_event
USES	Desiring	Emotions
USES	Desiring	Experiencer_focus
USES	Detaining	Inhibit_movement
USES	Differentiation	Mental_activity
USES	Difficulty	Hindering
USES	Discussion	Communication
USES	Disembarking	Departing
USES	Disembarking	Ride_vehicle
USES	Distinctiveness	Similarity
USES	Diversity	Type
USES	Documents	Grant_permission
USES	Documents	Obligation_scenario
USES	Dominate_situation	First_rank
USES	Dough_rising	Expansion
USES	Dressing	Accoutrements
USES	Dressing	Clothing
USES	Dressing	Placing
USES	Earnings_and_losses	Commerce_collect
USES	Earnings_and_losses	Commerce_pay
USES	Eclipse	Perception_experience
USES	Economy	Political_locales
USES	Elusive_goal	Purpose
USES	Emanating	Motion
USES	Emotion_active	Emotions
USES	Emotion_directed	Emotions
USES	Emotion_heat	Emotions
USES	Emotions_of_mental_activity	Attention
USES	Encoding	Communication
USES	Enforcing	Being_in_effect
USES	Entering_of_plea	Communication
USES	Estimated_value	Estimating
USES	Estimating	Mental_activity
USES	Evading	Motion
USES	Eventive_cognizer_affecting	Influence_of_event_on_cognizer
USES	Eventive_cognizer_affecting	Subjective_influence
USES	Evoking	Memory
USES	Examination	Awareness
USES	Exchange	Transfer_scenario
USES	Exchange_currency	Commerce_scenario
USES	Exchange_currency	Exchange
USES	Exclude_member	Membership
USES	Excreting	Cause_motion
USES	Excreting	Motion
USES	Exemplar	Judgment
USES	Expected_location_of_person	Custom
USES	Expensiveness	Abounding_with
USES	Expensiveness	Commerce_scenario
USES	Experience_bodily_harm	Intentionally_act
USES	Experiencer_obj	Emotions
USES	Expertise	Resolve_attempt_scenario
USES	Explaining_the_facts	Evidence
USES	Exporting	Commerce_sell
USES	Exporting	Import_export
USES	Expressing_publicly	Communication
USES	Extreme_point	Gradable_attributes
USES	Extreme_value	Measurable_attributes
USES	Facial_expression	Body_movement
USES	Fairness_evaluation	Social_interaction_evaluation
USES	Fame	Awareness
USES	Fastener	Closure
USES	Feeling	Emotions
USES	Feigning	Conduct
USES	Fields	Employment_scenario
USES	Fields	People
USES	Fighting_activity	Hostile_encounter
USES	Fining	Commerce_collect
USES	Finish_competition	Success_or_failure
USES	First_rank	Gradable_attributes
USES	First_rank	Prominence
USES	Fluidic_motion	Motion
USES	Food	Ingestion
USES	Forging	Artificiality
USES	Forgiveness	Emotions
USES	Frequency	Event
USES	Friction	Impact
USES	Front_for	Posing_as
USES	Front_for	Prevarication
USES	Fullness	Containing
USES	Gathering_up	Cause_motion
USES	Getting_up	Change_posture
USES	Giving_in	Taking_sides
USES	Gizmo	Artifact
USES	Goal	Source_path_goal
USES	Going_back_on_a_commitment	Commitment
USES	Grant_permission	Communication
USES	Grooming	Desirability
USES	Guilt_or_innocence	Misdeed
USES	Hair_configuration	Observable_body_parts
USES	Have_as_translation_equivalent	Translating
USES	Have_associated	Existence
USES	Having_or_lacking_access	Arriving
USES	Health_response	Response
USES	Hear	Communication
USES	Hindering	Event
USES	Historic_event	Importance
USES	Hit_target	Cause_impact
USES	Hit_target	Hit_or_miss
USES	Hit_target	Shoot_projectiles
USES	Hit_target	Shooting_scenario
USES	Holding_off_on	Change_event_time
USES	Holding_off_on	Forgoing
USES	Hospitality	Guest_and_host
USES	Identicality	Instance
USES	Imitating	Similarity
USES	Import_export	Intentionally_affect
USES	Importing	Commerce_buy
USES	Importing	Import_export
USES	Impression	Awareness
USES	In	Containment
USES	Inclusion	Part_whole
USES	Indigenous_origin	Foreign_or_domestic_country
USES	Individual_history	Importance
USES	Ingestion	Cause_motion
USES	Ingredients	Creating
USES	Installing	Placing
USES	Institutionalization	Cure
USES	Institutions	Infrastructure
USES	Into	Containment
USES	Into	Source_path_goal
USES	Intoxication	Intoxicants
USES	Isolated_places	Locale
USES	Judgment	Emotions
USES	Judgment_communication	Judgment
USES	Judgment_communication	Statement
USES	Jury_deliberation	Discussion
USES	Justifying	Communication
USES	Kinship	Relation_between_individuals
USES	Labeling	Judgment_communication
USES	Launch_process	Cause_to_start
USES	Law	Text
USES	Left_to_do	Purpose
USES	Legality	Compliance
USES	Legality	Law
USES	Legality	Morality_evaluation
USES	Light_movement	Motion
USES	Linguistic_meaning	Simple_name
USES	Lively_place	Activity_ongoing
USES	Locale	Bounded_entity
USES	Locale	Locative_relation
USES	Locale_by_event	Event
USES	Locale_by_ownership	Possession
USES	Locating	Seeking
USES	Location_of_light	Perception
USES	Locative_relation	Existence
USES	Lodging_scenario	Guest_and_host
USES	Losing_it	Mental_property
USES	Luck	Destiny
USES	Luck	Likelihood
USES	Make_agreement_on_action	Commitment
USES	Make_cognitive_connection	Cognitive_connection
USES	Make_noise	Perception
USES	Making_faces	Facial_expression
USES	Manipulation	Observable_body_parts
USES	Mass_motion	Abounding_with
USES	Medical_conditions	Observable_body_parts
USES	Medical_instruments	Cure
USES	Medical_professionals	Cure
USES	Medical_specialties	Cure
USES	Meet_specifications	Sufficiency
USES	Meet_with	Discussion
USES	Memory	Eventive_affecting
USES	Misdeed	Morality_evaluation
USES	Motion_noise	Motion
USES	Name_conferral	Communication
USES	Namesake	Being_named
USES	Needing	Desiring
USES	Needing	Have_as_requirement
USES	Network	Set_of_interrelated_entities
USES	Notification_of_charges	Communication
USES	Obscurity	Fame
USES	Occupy_rank	Rank
USES	Offenses	Committing_crime
USES	Offenses	Compliance
USES	Offering	Giving
USES	Openness	Traversing
USES	Operate_vehicle	Motion
USES	Operational_testing	Operating_a_system
USES	Opportunity	Possibilities
USES	Ordinal_numbers	Cardinal_numbers
USES	Partiality	Taking_sides
USES	Participation	Event
USES	Path_shape	Locative_relation
USES	Path_traveled	Motion
USES	People_by_age	Age
USES	People_by_jurisdiction	Political_locales
USES	People_by_morality	Morality_evaluation
USES	People_by_origin	Origin
USES	People_by_religion	Religious_belief
USES	People_by_residence	Relation_between_individuals
USES	People_by_residence	Residence
USES	Perception_active	Attention
USES	Perception_body	Perception_experience
USES	Performers	Performers_and_roles
USES	Performers_and_roles	Performing_arts
USES	Personal_relationship	Relation_between_individuals
USES	Piracy	Operate_vehicle
USES	Place_weight_on	Importance
USES	Placing	Motion
USES	Point_of_dispute	Be_in_agreement_on_assessment
USES	Point_of_dispute	Discussion
USES	Political_locales	Leadership
USES	Praiseworthiness	Judgment
USES	Predicament	Emotions
USES	Predicting	Expectation
USES	Prevarication	Communication
USES	Prevent_from_having	Possession
USES	Preventing	Event
USES	Prison	Inhibit_movement
USES	Probability	Position_on_a_scale
USES	Product_delivery	Commerce_goods-transfer
USES	Progress	Process
USES	Progress	Undergo_change
USES	Prohibiting	Law
USES	Project	Purpose
USES	Protecting	Run_risk
USES	Public_services	Institutions
USES	Purpose	Desiring
USES	Purpose	Means
USES	Purpose	Mental_activity
USES	Quarreling	Be_in_agreement_on_assessment
USES	Questioning	Communication
USES	Range	Capability
USES	Ratification	Grant_permission
USES	Reason	Intentionally_act
USES	Reasoning	Communication
USES	Recovery	Medical_conditions
USES	Redirecting	Motion
USES	Referring_by_name	Being_named
USES	Reforming_a_system	Cause_change
USES	Regard	Judgment
USES	Relation_between_individuals	People
USES	Relational_natural_features	Locative_relation
USES	Releasing_from_custody	Detaining
USES	Reliance	Contingency
USES	Reliance	Needing
USES	Reliance_on_expectation	Awareness
USES	Reliance_on_expectation	Certainty
USES	Religious_belief	Awareness
USES	Remainder	Change_position_on_a_scale
USES	Remembering_experience	Cogitation
USES	Remembering_information	Awareness
USES	Remembering_to_do	Intentionally_act
USES	Remembering_to_do	Purpose
USES	Remembering_to_do	Remembering_information
USES	Removing	Motion
USES	Renunciation	Statement
USES	Repel	Being_strong
USES	Reporting	Communication
USES	Representing	Awareness
USES	Request	Communication
USES	Required_event	Being_necessary
USES	Research	Cogitation
USES	Respond_to_proposal	Communication_response
USES	Resurrection	Dead_or_alive
USES	Rite	Intentionally_act
USES	Roadways	Motion
USES	Robbery	Theft
USES	Ruling_legally	Communication
USES	Scrutiny	Becoming_aware
USES	Scrutiny	Perception_active
USES	Searching_scenario	Attention
USES	Secrecy_status	Awareness
USES	Sending	Bringing
USES	Sent_items	Sending
USES	Sentencing	Communication
USES	Separating	Transitive_action
USES	Severity_of_offense	Offenses
USES	Shapes	Bounded_entity
USES	Shoot_projectiles	Cause_motion
USES	Shoot_projectiles	Use_firearm
USES	Shooting_scenario	Bearing_arms
USES	Shopping	Commerce_buy
USES	Sidereal_appearance	Motion_directional
USES	Sign	Evidence
USES	Simple_naming	Simple_name
USES	Sociability	Social_behavior_evaluation
USES	Social_event	Eventive_affecting
USES	Sole_instance	Instance
USES	Sound_movement	Sounds
USES	Sounds	Perception
USES	Speak_on_topic	Communication
USES	Spelling_and_pronouncing	Text_creation
USES	Stage_of_progress	Progress
USES	State_continue	State
USES	Statement	Communication
USES	Store	Storing
USES	Storing	Placing
USES	Strictness	Compliance
USES	Studying	Education_teaching
USES	Suasion	Attempt_suasion
USES	Suasion	Communication
USES	Suasion	Eventive_cognizer_affecting
USES	Subjective_influence	Intentionally_act
USES	Subordinates_and_superiors	Relation_between_individuals
USES	Successfully_communicate_message	Communication
USES	Sufficiency	Capability
USES	Supporting	Cause_change_of_strength
USES	Surrendering	Arrest
USES	Surrendering	Want_suspect
USES	Suspicion	Criminal_investigation
USES	Taking_sides	Desirable_event
USES	Taking_sides	Opinion
USES	Taking_time	Being_necessary
USES	Taking_time	Duration_attribute
USES	Talking_into	Suasion
USES	Tasting	Food
USES	Tasting	Ingestion
USES	Temporal_pattern	Event
USES	Temporal_pattern	Process
USES	Temporal_subregion	Part_orientational
USES	Terms_of_agreement	Documents
USES	Terrorism	Intentionally_act
USES	Text_creation	Communication
USES	Thriving	Desirability
USES	Time_period_of_action	Possibilities
USES	Time_vector	Direction
USES	Tolerating	Experiencer_focus
USES	Touring	Visiting
USES	Toxic_substance	Cause_harm
USES	Translating	Mental_activity
USES	Traversing	Path_shape
USES	Turning_out	Coming_to_believe
USES	Typicality	Similarity
USES	Unattributed_information	Statement
USES	Undergoing	Eventive_affecting
USES	Undressing	Accoutrements
USES	Undressing	Clothing
USES	Undressing	Removing
USES	Use_vehicle	Ride_vehicle
USES	Usefulness	Capability
USES	Usefulness	Using
USES	Verdict	Communication
USES	Verification	Correctness
USES	Visitor_and_host	Guest_and_host
USES	Volubility	Communication
USES	Volubility	Social_behavior_evaluation
USES	Wagering	Run_risk
USES	Waiting	Change_event_time
USES	Waiting	Intentionally_act
USES	Want_suspect	Appearance
USES	Waver_between_options	Choosing
USES	Wealthiness	Possession
USES	Wearing	Accoutrements
USES	Wearing	Clothing
USES	Wearing	Observable_body_parts
USES	Willingness	Choosing
USES	Win_prize	Finish_competition
USES	Withdraw_from_participation	Participation
USES	Word_relations	Linguistic_meaning
