PBauto	gloat.01	statement
PBauto	bewitch.01	experiencer_obj
PBauto	rebuff.01	respond_to_proposal
PBauto	implement.01	execute_plan
PBauto	segregate.01	separating
PBauto	totter.02	self_motion
PBauto	rejuvenate.01	rejuvenation
PBauto	send.03	causation
PBauto	reprocess.01	processing_materials
PBauto	recollect.01	memory
PBauto	despise.01	experiencer_focus
PBauto	fortify.01	cause_change_of_strength
PBauto	rattle.02	make_noise
PBauto	elect.01	change_of_leadership
PBauto	disparage.01	judgment_communication
PBauto	swap.01	exchange
PBauto	kiss.01	manipulation
PBauto	bump.01	impact
PBauto	mold.01	reshaping
PBauto	gear.02	activity_prepare
PBauto	hide.01	eclipse
PBauto	flatten.01	reshaping
PBauto	clasp.01	manipulation
PBauto	photocopy.01	duplication
PBauto	give.14	giving
PBauto	give.13	giving
PBauto	encircle.01	adorning
PBauto	implore.01	request
PBauto	fake.01	forging
PBauto	maim.01	cause_harm
PBauto	restart.01	activity_resume
PBauto	enchant.01	experiencer_obj
PBauto	inspect.01	inspecting
PBauto	toll.02	make_noise
PBauto	inhale.01	breathing
PBauto	obviate.01	preventing
PBauto	groom.01	grooming
PBauto	conceal.01	eclipse
PBauto	give.06	giving
PBauto	hold.04	opinion
PBauto	hold.01	containing
PBauto	edge.01	path_shape
PBauto	box.03	placing
PBauto	box.01	placing
PBauto	box.02	placing
PBauto	intrigue.01	experiencer_obj
PBauto	founder.01	bungling
PBauto	depress.01	experiencer_obj
PBauto	depress.02	experiencer_obj
PBauto	forage.01	seeking
PBauto	close.01	closure
PBauto	vacillate.01	waver_between_options
PBauto	outline.01	summarizing
PBauto	attract.01	cause_motion
PBauto	foil.01	thwarting
PBauto	stash.01	placing
PBauto	conquer.01	conquering
PBauto	immerse.01	placing
PBauto	denote.01	linguistic_meaning
PBauto	comb.02	grooming
PBauto	lobby.01	attempt_suasion
PBauto	forecast.01	predicting
PBauto	chug.02	motion_noise
PBauto	live.01	residence
PBauto	chug.01	motion_noise
PBauto	chug.03	motion_noise
PBauto	decrease.01	change_position_on_a_scale
PBauto	live.04	residence
PBauto	live.02	residence
PBauto	misappropriate.01	theft
PBauto	breach.01	compliance
PBauto	chatter.01	make_noise
PBauto	fascinate.01	experiencer_obj
PBauto	vaporize.01	change_of_phase
PBauto	flee.01	evading
PBauto	shop.02	shopping
PBauto	summon.02	request
PBauto	summon.01	request
PBauto	opt.01	choosing
PBauto	enrage.01	experiencer_obj
PBauto	dissemble.01	prevarication
PBauto	reinforce.01	cause_change_of_strength
PBauto	journey.01	travel
PBauto	overrun.01	invading
PBauto	father.01	birth
PBauto	purse.01	body_movement
PBauto	follow.02	compliance
PBauto	book.01	arrest
PBauto	aggravate.01	experiencer_obj
PBauto	authorize.01	grant_permission
PBauto	reprimand.01	judgment_direct_address
PBauto	suffuse.01	filling
PBauto	frighten.01	experiencer_obj
PBauto	hitch.01	attaching
PBauto	lumber.01	self_motion
PBauto	bitch.01	complaining
PBauto	scour.02	scrutiny
PBauto	beget.01	birth
PBauto	garrotte.01	killing
PBauto	package.01	placing
PBauto	crepitate.01	make_noise
PBauto	encrust.01	adorning
PBauto	become.03	becoming
PBauto	become.01	becoming
PBauto	deserve.01	deserving
PBauto	rebuke.01	judgment_direct_address
PBauto	refresh.01	rejuvenation
PBauto	guard.01	protecting
PBauto	mix.01	cause_to_amalgamate
PBauto	encourage.01	experiencer_obj
PBauto	stammer.01	communication_manner
PBauto	fabricate.01	manufacturing
PBauto	pulp.01	reshaping
PBauto	add.03	statement
PBauto	pot.01	placing
PBauto	best.01	required_event
PBauto	unhinge.01	becoming_detached
PBauto	deceive.01	prevarication
PBauto	hunt.01	seeking
PBauto	unhinge.02	becoming_detached
PBauto	bewilder.01	experiencer_obj
PBauto	crumble.01	grinding
PBauto	mulct.01	fining
PBauto	mince.02	cutting
PBauto	crane.01	body_movement
PBauto	crow.01	communication_noise
PBauto	mince.01	self_motion
PBauto	accept.01	receiving
PBauto	collar.01	arrest
PBauto	parboil.01	apply_heat
PBauto	bolster.01	supporting
PBauto	narrow.01	cause_expansion
PBauto	hoodwink.01	prevarication
PBauto	collect.01	commerce_collect
PBauto	monitor.01	scrutiny
PBauto	verify.01	evidence
PBauto	exercise.02	exercising
PBauto	donate.01	giving
PBauto	guffaw.01	make_noise
PBauto	embitter.01	experiencer_obj
PBauto	perspire.01	excreting
PBauto	bias.01	partiality
PBauto	fault.01	judgment
PBauto	suit.01	suitability
PBauto	suit.03	suitability
PBauto	round.04	path_shape
PBauto	stagger.01	self_motion
PBauto	stagger.02	experiencer_obj
PBauto	bound.01	self_motion
PBauto	pad.01	self_motion
PBauto	impede.01	hindering
PBauto	lurch.01	self_motion
PBauto	sow.01	filling
PBauto	harvest.01	food_gathering
PBauto	rape.01	rape
PBauto	mosey.01	self_motion
PBauto	tweet.01	make_noise
PBauto	tweet.02	make_noise
PBauto	decline.02	agree_or_refuse_to_act
PBauto	belch.02	excreting
PBauto	belch.01	excreting
PBauto	decline.01	change_position_on_a_scale
PBauto	enjoy.01	emotions_of_mental_activity
PBauto	empathize.01	others_situation_as_stimulus
PBauto	advocate.01	attempt_suasion
PBauto	enlarge.01	cause_expansion
PBauto	supply.01	supply
PBauto	appeal.02	appeal
PBauto	appeal.03	experiencer_obj
PBauto	promote.02	cause_change_of_position_on_a_scale
PBauto	promote.01	cause_change_of_position_on_a_scale
PBauto	heat.01	cause_temperature_change
PBauto	castigate.01	judgment_communication
PBauto	oxidize.01	corroding_caused
PBauto	abhor.01	experiencer_focus
PBauto	develop.01	coming_to_be
PBauto	confirm.01	statement
PBauto	page.01	contacting
PBauto	flatter.01	manipulate_into_doing
PBauto	persuade.01	suasion
PBauto	spiral.01	motion
PBauto	trammel.01	hindering
PBauto	duel.01	hostile_encounter
PBauto	manufacture.01	manufacturing
PBauto	shut.01	body_movement
PBauto	have.03	possession
PBauto	contravene.01	compliance
PBauto	drench.01	cause_to_be_wet
PBauto	excommunicate.01	exclude_member
PBauto	graze.01	cause_impact
PBauto	forge.01	forging
PBauto	burgeon.01	progress
PBauto	board.01	board_vehicle
PBauto	spank.01	corporal_punishment
PBauto	stone.01	emptying
PBauto	board.02	temporary_stay
PBauto	abstract.01	theft
PBauto	circumcise.01	rite
PBauto	reduce.01	cause_change_of_position_on_a_scale
PBauto	distribute.01	dispersal
PBauto	pack.01	filling
PBauto	chide.01	judgment_direct_address
PBauto	sliver.01	cause_to_fragment
PBauto	hamstring.01	thwarting
PBauto	ruminate.01	cogitation
PBauto	purloin.01	theft
PBauto	pit.02	emptying
PBauto	abominate.01	experiencer_focus
PBauto	thrill.02	experiencer_obj
PBauto	dunk.02	dunking
PBauto	pile.03	filling
PBauto	pile.01	placing
PBauto	weigh.01	dimension
PBauto	outfit.01	supply
PBauto	track.03	cotheme
PBauto	contrive.02	coming_up_with
PBauto	condone.01	forgiveness
PBauto	rename.01	name_conferral
PBauto	muse.01	cogitation
PBauto	constitute.01	being_in_category
PBauto	displease.01	experiencer_obj
PBauto	scrape.01	friction
PBauto	insult.01	cause_emotion
PBauto	mention.01	statement
PBauto	puzzle.01	experiencer_obj
PBauto	certify.01	verification
PBauto	core.02	emptying
PBauto	core.01	emptying
PBauto	obtain.01	getting
PBauto	gesticulate.01	gesture
PBauto	blanket.01	adorning
PBauto	deactivate.01	change_operational_state
PBauto	stutter.01	communication_manner
PBauto	pirate.01	piracy
PBauto	throw.01	body_movement
PBauto	pray.01	rite
PBauto	masquerade.01	posing_as
PBauto	rave.01	communication_manner
PBauto	retaliate.01	revenge
PBauto	occlude.01	eclipse
PBauto	resemble.01	similarity
PBauto	boat.01	operate_vehicle
PBauto	nibble.01	ingestion
PBauto	recompense.01	rewards_and_punishments
PBauto	spoil.01	rotting
PBauto	don.01	dressing
PBauto	cart.01	bringing
PBauto	bequeath.01	giving
PBauto	deck.01	adorning
PBauto	flap.01	body_movement
PBauto	dance.01	self_motion
PBauto	bone.01	emptying
PBauto	duplicate.01	duplication
PBauto	paint.02	create_representation
PBauto	forgive.01	forgiveness
PBauto	evaporate.01	change_of_phase
PBauto	manipulate.02	manipulate_into_doing
PBauto	segment.01	separating
PBauto	motion.01	gesture
PBauto	gnash.02	body_movement
PBauto	etch.01	processing_materials
PBauto	gnash.01	body_movement
PBauto	jam.01	filling
PBauto	brawl.01	hostile_encounter
PBauto	hope.01	desiring
PBauto	crate.01	placing
PBauto	presage.01	omen
PBauto	locate.02	becoming_aware
PBauto	dehumidify.01	cause_to_be_dry
PBauto	refer.01	referring_by_name
PBauto	partition.01	separating
PBauto	whelp.01	birth
PBauto	clamber.01	self_motion
PBauto	preclude.01	thwarting
PBauto	prevail.02	beat_opponent
PBauto	rustle.02	theft
PBauto	frolic.01	self_motion
PBauto	relinquish.01	surrendering_possession
PBauto	materialize.01	coming_to_be
PBauto	overheat.01	cause_temperature_change
PBauto	refer.03	referring_by_name
PBauto	seal.01	closure
PBauto	seal.02	closure
PBauto	plead.01	request
PBauto	charm.01	experiencer_obj
PBauto	plead.02	entering_of_plea
PBauto	precede.01	relative_time
PBauto	capture.01	conquering
PBauto	deliver.101	delivery
PBauto	tuck.01	placing
PBauto	experience.01	feeling
PBauto	fluster.01	experiencer_obj
PBauto	blow.04	breathing
PBauto	dog.01	cotheme
PBauto	confine.01	inhibit_movement
PBauto	plant.01	placing
PBauto	clout.01	cause_harm
PBauto	deprecate.01	judgment_communication
PBauto	fancy.01	desiring
PBauto	wiggle.01	body_movement
PBauto	dice.01	cutting
PBauto	blow.10	bungling
PBauto	imply.01	evidence
PBauto	cement.01	attaching
PBauto	rove.01	self_motion
PBauto	call.01	labeling
PBauto	consume.01	ingestion
PBauto	poison.02	cause_harm
PBauto	call.04	contacting
PBauto	cohabit.01	personal_relationship
PBauto	cough.02	make_noise
PBauto	emit.01	emitting
PBauto	cough.01	make_noise
PBauto	perturb.01	experiencer_obj
PBauto	design.01	coming_up_with
PBauto	dodge.01	avoiding
PBauto	sup.01	ingestion
PBauto	construe.01	categorization
PBauto	pee.01	excreting
PBauto	roast.01	apply_heat
PBauto	caravan.01	operate_vehicle
PBauto	dwell.01	residence
PBauto	flagellate.01	cause_harm
PBauto	rate.01	assessing
PBauto	incapacitate.01	render_nonfunctional
PBauto	lavish.01	stinginess
PBauto	peal.01	make_noise
PBauto	honor.02	compliance
PBauto	honor.01	compliance
PBauto	flicker.01	light_movement
PBauto	covet.01	desiring
PBauto	eavesdrop.01	perception_active
PBauto	defraud.01	manipulate_into_doing
PBauto	turn.02	becoming
PBauto	exclaim.01	statement
PBauto	restore.01	rejuvenation
PBauto	restore.02	rejuvenation
PBauto	serve.03	capacity
PBauto	pedal.01	operate_vehicle
PBauto	serve.02	capacity
PBauto	gum.01	attaching
PBauto	quibble.01	quarreling
PBauto	gild.01	filling
PBauto	import.01	import_export
PBauto	blow.01	motion
PBauto	quiz.01	questioning
PBauto	goggle.01	perception_active
PBauto	give.01	giving
PBauto	speculate.01	coming_to_believe
PBauto	peep.02	perception_active
PBauto	piss.01	excreting
PBauto	piss.02	excreting
PBauto	appraise.01	assessing
PBauto	appraise.02	assessing
PBauto	clap.01	body_movement
PBauto	buy.01	commerce_buy
PBauto	deforest.01	emptying
PBauto	boggle.01	experiencer_obj
PBauto	catnap.01	sleep
PBauto	lust.01	desiring
PBauto	brood.01	cogitation
PBauto	abash.01	experiencer_obj
PBauto	film.01	behind_the_scenes
PBauto	discomfit.01	experiencer_obj
PBauto	masticate.01	grinding
PBauto	spin.03	processing_materials
PBauto	oppose.01	taking_sides
PBauto	reawaken.01	rejuvenation
PBauto	spin.04	processing_materials
PBauto	mew.01	make_noise
PBauto	cinch.01	attaching
PBauto	cinch.02	attaching
PBauto	embrace.01	adopt_selection
PBauto	cinch.03	attaching
PBauto	respect.01	judgment
PBauto	bivouac.01	residence
PBauto	loathe.01	experiencer_focus
PBauto	prattle.01	communication_manner
PBauto	lease.01	renting
PBauto	cater.01	assistance
PBauto	lease.02	renting_out
PBauto	hawk.02	make_noise
PBauto	stab.01	cause_harm
PBauto	curtail.01	cause_change_of_position_on_a_scale
PBauto	bless.01	rite
PBauto	debark.01	disembarking
PBauto	imitate.01	imitating
PBauto	hijack.01	piracy
PBauto	endeavor.01	attempt
PBauto	entitle.01	permitting
PBauto	entitle.02	name_conferral
PBauto	flake.01	grinding
PBauto	dump.01	judgment_communication
PBauto	act.01	performers_and_roles
PBauto	dive.02	path_shape
PBauto	jeer.01	judgment_direct_address
PBauto	fool.01	prevarication
PBauto	surpass.01	surpassing
PBauto	cycle.02	operate_vehicle
PBauto	disapprove.01	judgment
PBauto	cycle.01	operate_vehicle
PBauto	swirl.01	cause_to_move_in_place
PBauto	stud.01	adorning
PBauto	cultivate.01	agriculture
PBauto	label.01	labeling
PBauto	disappoint.01	experiencer_obj
PBauto	enlist.01	becoming_a_member
PBauto	clomp.01	self_motion
PBauto	lope.01	self_motion
PBauto	cube.01	cutting
PBauto	target.01	aiming
PBauto	battle.01	hostile_encounter
PBauto	harmonize.01	compatibility
PBauto	dash.02	self_motion
PBauto	laud.01	judgment_communication
PBauto	dread.01	experiencer_focus
PBauto	gossip.01	chatting
PBauto	wink.01	body_movement
PBauto	detach.01	attaching
PBauto	distress.01	experiencer_obj
PBauto	outdo.01	surpassing
PBauto	consolidate.01	cause_to_amalgamate
PBauto	bill.02	commerce_collect
PBauto	bill.01	commerce_collect
PBauto	comprehend.01	grasp
PBauto	participate.01	participation
PBauto	exterminate.01	killing
PBauto	fade.01	ceasing_to_be
PBauto	languish.01	thriving
PBauto	buzz.02	motion_noise
PBauto	grin.02	making_faces
PBauto	buzz.01	motion_noise
PBauto	section.01	separating
PBauto	grab.01	manipulation
PBauto	shuttle.02	bringing
PBauto	shuttle.01	bringing
PBauto	want.01	desiring
PBauto	dismount.01	disembarking
PBauto	interrupt.01	interrupt_process
PBauto	squander.01	frugality
PBauto	conclude.02	activity_finish
PBauto	exhibit.01	cause_to_perceive
PBauto	conclude.01	coming_to_believe
PBauto	differ.02	similarity
PBauto	pan.01	seeking
PBauto	crown.01	change_of_leadership
PBauto	improve.02	cause_to_make_progress
PBauto	crown.02	change_of_leadership
PBauto	crown.03	change_of_leadership
PBauto	crown.04	change_of_leadership
PBauto	confiscate.01	removing
PBauto	mouth.01	communication_manner
PBauto	pore.01	reading
PBauto	duck.01	avoiding
PBauto	present.01	cause_to_perceive
PBauto	reward.01	rewards_and_punishments
PBauto	characterize.01	communicate_categorization
PBauto	practice.01	practice
PBauto	dissipate.01	ceasing_to_be
PBauto	store.02	storing
PBauto	endow.01	bond_maturation
PBauto	grin.01	making_faces
PBauto	sport.01	wearing
PBauto	rat.01	reporting
PBauto	chance.01	daring
PBauto	gleam.01	location_of_light
PBauto	gape.01	perception_active
PBauto	emanate.01	emanating
PBauto	ban.01	prohibiting
PBauto	disobey.01	compliance
PBauto	put.01	placing
PBauto	administer.01	leadership
PBauto	berate.01	judgment_direct_address
PBauto	humiliate.01	experiencer_obj
PBauto	beckon.01	gesture
PBauto	open.03	body_movement
PBauto	damage.01	damaging
PBauto	shrug.03	body_movement
PBauto	pour.01	mass_motion
PBauto	cover.01	topic
PBauto	wash.01	grooming
PBauto	protract.01	change_event_duration
PBauto	perpetrate.01	committing_crime
PBauto	pocket.01	placing
PBauto	calibrate.01	adjusting
PBauto	disembark.01	disembarking
PBauto	line.01	adorning
PBauto	deduce.01	coming_to_believe
PBauto	draft.01	text_creation
PBauto	border.01	locative_relation
PBauto	pummel.01	cause_harm
PBauto	burn.01	experience_bodily_harm
PBauto	redefine.01	communicate_categorization
PBauto	moo.01	make_noise
PBauto	hiss.01	communication_noise
PBauto	incorporate.02	inclusion
PBauto	calve.01	birth
PBauto	gall.01	experiencer_obj
PBauto	sever.01	separating
PBauto	cleanse.01	grooming
PBauto	catch.03	hunting_success_or_failure
PBauto	surmise.01	coming_to_believe
PBauto	catch.02	hunting_success_or_failure
PBauto	flip-flop.01	waver_between_options
PBauto	evacuate.01	escaping
PBauto	pare.01	cutting
PBauto	earn.01	earnings_and_losses
PBauto	admit.01	reveal_secret
PBauto	flutter.01	body_movement
PBauto	peel.01	emptying
PBauto	exclude.01	inclusion
PBauto	fuss.01	emotion_active
PBauto	mummify.01	preserving
PBauto	deal.01	resolve_problem
PBauto	electrocute.01	cause_harm
PBauto	discriminate.01	differentiation
PBauto	percolate.01	fluidic_motion
PBauto	parachute.01	operate_vehicle
PBauto	float.01	motion
PBauto	pine.01	desiring
PBauto	panel.01	filling
PBauto	place.LV	placing
PBauto	pronounce.01	spelling_and_pronouncing
PBauto	endure.01	tolerating
PBauto	mash.01	reshaping
PBauto	clank.01	motion_noise
PBauto	clank.02	motion_noise
PBauto	neigh.01	make_noise
PBauto	please.01	experiencer_obj
PBauto	invest.01	besieging
PBauto	blanch.02	apply_heat
PBauto	blanch.01	apply_heat
PBauto	climb.01	self_motion
PBauto	reek.01	chemical-sense_description
PBauto	bode.01	omen
PBauto	putter.01	motion_noise
PBauto	glance.01	perception_active
PBauto	crucify.01	killing
PBauto	bag.01	placing
PBauto	repent.01	contrition
PBauto	caution.01	statement
PBauto	dissect.01	cause_to_fragment
PBauto	regurgitate.01	excreting
PBauto	espy.01	becoming_aware
PBauto	rile.01	experiencer_obj
PBauto	yak.01	chatting
PBauto	yak.02	chatting
PBauto	couch.01	encoding
PBauto	bar.01	prohibiting
PBauto	glide.01	motion
PBauto	glide.02	motion
PBauto	devein.01	emptying
PBauto	feed.01	ingestion
PBauto	cleave.01	cause_to_fragment
PBauto	maul.01	cause_harm
PBauto	overthrow.01	change_of_leadership
PBauto	chirrup.01	communication_noise
PBauto	offend.01	experiencer_obj
PBauto	kidnap.01	kidnapping
PBauto	erupt.01	process_start
PBauto	pay.06	commerce_pay
PBauto	retreat.02	quitting_a_place
PBauto	erupt.02	process_start
PBauto	rive.01	cause_to_fragment
PBauto	hum.02	make_noise
PBauto	pay.01	commerce_pay
PBauto	marinate.01	soaking
PBauto	finger.01	manipulation
PBauto	exalt.01	judgment
PBauto	compete.01	competition
PBauto	crave.01	desiring
PBauto	gut.01	emptying
PBauto	ram.01	cause_impact
PBauto	nosh.01	ingestion
PBauto	balloon.01	operate_vehicle
PBauto	detect.01	perception_experience
PBauto	nip.01	manipulation
PBauto	moisten.01	cause_to_be_wet
PBauto	amount.02	being_in_category
PBauto	blackmail.01	manipulate_into_doing
PBauto	filch.01	theft
PBauto	imbibe.01	ingestion
PBauto	conjecture.01	statement
PBauto	exceed.01	surpassing
PBauto	refute.01	statement
PBauto	douse.01	cause_to_be_wet
PBauto	suffice.01	sufficiency
PBauto	use.01	using
PBauto	reshape.01	cause_change
PBauto	croak.01	death
PBauto	blare.01	make_noise
PBauto	groan.01	communication_noise
PBauto	swear.01	commitment
PBauto	crackle.01	motion_noise
PBauto	happen.01	event
PBauto	grieve.01	experiencer_focus
PBauto	cheer.01	experiencer_obj
PBauto	replace.01	take_place_of
PBauto	search.01	scrutiny
PBauto	explode.03	change_position_on_a_scale
PBauto	pinch.02	theft
PBauto	beep.02	make_noise
PBauto	beep.01	make_noise
PBauto	pinch.01	manipulation
PBauto	affront.01	cause_emotion
PBauto	progress.01	progress
PBauto	institutionalize.01	institutionalization
PBauto	ascend.01	path_shape
PBauto	pounce.01	self_motion
PBauto	canoe.01	operate_vehicle
PBauto	strap.02	attaching
PBauto	tramp.01	self_motion
PBauto	dislike.01	experiencer_focus
PBauto	disseminate.01	dispersal
PBauto	merit.01	deserving
PBauto	struggle.01	hostile_encounter
PBauto	wear.06	wearing
PBauto	prize.01	judgment
PBauto	behead.01	killing
PBauto	change.01	undergo_change
PBauto	mill.02	grinding
PBauto	caw.01	make_noise
PBauto	succeed.02	take_place_of
PBauto	succeed.03	take_place_of
PBauto	mother.01	birth
PBauto	grouse.01	complaining
PBauto	quack.01	make_noise
PBauto	slur.01	communication_manner
PBauto	explain.01	explaining_the_facts
PBauto	fix.03	bail_decision
PBauto	fix.01	activity_prepare
PBauto	rule.03	leadership
PBauto	descry.01	becoming_aware
PBauto	tape.03	attaching
PBauto	decorate.01	adorning
PBauto	divide.01	non-commutative_process
PBauto	place.01	placing
PBauto	reproach.01	judgment_direct_address
PBauto	elbow.01	cause_harm
PBauto	net.02	earnings_and_losses
PBauto	net.01	earnings_and_losses
PBauto	praise.01	judgment_communication
PBauto	button.01	closure
PBauto	promenade.01	self_motion
PBauto	enthrall.01	experiencer_obj
PBauto	misplace.01	losing
PBauto	feel.04	seeking
PBauto	weave.02	path_shape
PBauto	enrich.01	processing_materials
PBauto	feel.03	seeking
PBauto	chip.01	damaging
PBauto	buckle.01	closure
PBauto	rely.01	reliance
PBauto	buckle.02	closure
PBauto	burrow.01	self_motion
PBauto	derail.01	thwarting
PBauto	embalm.01	preserving
PBauto	ignite.01	setting_fire
PBauto	excite.01	experiencer_obj
PBauto	eviscerate.01	emptying
PBauto	ratify.01	ratification
PBauto	bawl.02	communication_noise
PBauto	bawl.01	communication_noise
PBauto	gush.02	fluidic_motion
PBauto	envelop.01	adorning
PBauto	light.01	setting_fire
PBauto	dishearten.01	experiencer_obj
PBauto	dovetail.01	compatibility
PBauto	devise.01	coming_up_with
PBauto	carve.01	cutting
PBauto	carve.02	create_representation
PBauto	double.01	change_position_on_a_scale
PBauto	chastise.01	judgment_direct_address
PBauto	lash.01	attaching
PBauto	apply.04	using
PBauto	con.02	manipulate_into_doing
PBauto	haul.02	cause_motion
PBauto	con.03	manipulate_into_doing
PBauto	frustrate.01	experiencer_obj
PBauto	haul.03	cause_motion
PBauto	persist.01	process_continue
PBauto	con.01	manipulate_into_doing
PBauto	prosper.01	thriving
PBauto	lunch.01	ingestion
PBauto	pioneer.01	achieving_first
PBauto	apply.02	using
PBauto	baffle.01	experiencer_obj
PBauto	detail.01	statement
PBauto	flabbergast.01	experiencer_obj
PBauto	interest.01	experiencer_obj
PBauto	squat.02	residence
PBauto	resent.01	experiencer_focus
PBauto	shed.02	undressing
PBauto	incense.01	experiencer_obj
PBauto	shed.03	undressing
PBauto	constrain.01	hindering
PBauto	punt.02	cause_motion
PBauto	deface.01	damaging
PBauto	trail.02	cotheme
PBauto	mimic.01	imitating
PBauto	equivocate.01	prevarication
PBauto	excel.01	expertise
PBauto	beseech.01	request
PBauto	knife.01	cause_harm
PBauto	state.01	statement
PBauto	conciliate.01	experiencer_obj
PBauto	gain.01	change_position_on_a_scale
PBauto	gain.02	getting
PBauto	bayonet.01	cause_harm
PBauto	sort.02	differentiation
PBauto	besiege.01	besieging
PBauto	charter.01	renting
PBauto	absorb.01	soaking_up
PBauto	stare.01	perception_active
PBauto	dismantle.01	destroying
PBauto	gash.01	cause_harm
PBauto	evict.01	removing
PBauto	hamper.01	hindering
PBauto	sculpt.01	create_physical_artwork
PBauto	doubt.01	certainty
PBauto	madden.01	experiencer_obj
PBauto	mar.01	damaging
PBauto	discover.01	becoming_aware
PBauto	decease.01	death
PBauto	extradite.01	extradition
PBauto	pale.01	surpassing
PBauto	pale.02	surpassing
PBauto	plunge.02	placing
PBauto	plunge.01	motion_directional
PBauto	rest.01	placing
PBauto	build.01	building
PBauto	implant.01	placing
PBauto	build.03	building
PBauto	regret.01	experiencer_focus
PBauto	chew.01	grinding
PBauto	relate.01	relating_concepts
PBauto	relate.02	statement
PBauto	calm.01	experiencer_obj
PBauto	dye.01	processing_materials
PBauto	survey.01	scrutiny
PBauto	step.05	self_motion
PBauto	billet.01	placing
PBauto	sputter.01	communication_noise
PBauto	tap.01	appointing
PBauto	frown.02	making_faces
PBauto	tap.02	appointing
PBauto	frown.01	making_faces
PBauto	postpone.01	change_event_time
PBauto	disgorge.01	removing
PBauto	pant.02	breathing
PBauto	impersonate.01	posing_as
PBauto	pant.01	breathing
PBauto	outstrip.01	surpassing
PBauto	congregate.01	come_together
PBauto	dine.01	ingestion
PBauto	dampen.01	cause_to_be_wet
PBauto	advise.01	telling
PBauto	spurt.02	fluidic_motion
PBauto	bash.01	cause_harm
PBauto	spurt.01	fluidic_motion
PBauto	nurse.01	cure
PBauto	rival.01	evaluative_comparison
PBauto	gibber.01	communication_manner
PBauto	bop.01	self_motion
PBauto	differentiate.101	differentiation
PBauto	preen.01	bragging
PBauto	shuffle.03	self_motion
PBauto	shuffle.04	body_movement
PBauto	shuffle.01	self_motion
PBauto	ingest.01	ingestion
PBauto	roam.01	self_motion
PBauto	blunt.01	cause_to_be_sharp
PBauto	rehearse.01	practice
PBauto	quaff.01	ingestion
PBauto	sparkle.01	light_movement
PBauto	degrease.01	emptying
PBauto	pop.05	ingest_substance
PBauto	swagger.01	self_motion
PBauto	reign.01	leadership
PBauto	hammer.02	cause_harm
PBauto	sketch.02	create_representation
PBauto	hammer.01	cause_harm
PBauto	hammer.05	cause_harm
PBauto	slice.01	cutting
PBauto	diminish.01	change_position_on_a_scale
PBauto	propel.01	cause_motion
PBauto	repel.01	experiencer_obj
PBauto	strain.04	experience_bodily_harm
PBauto	guzzle.01	ingestion
PBauto	divorce.01	forming_relationships
PBauto	jumble.01	cause_to_amalgamate
PBauto	magnify.01	cause_expansion
PBauto	glimpse.01	punctual_perception
PBauto	debug.01	emptying
PBauto	echo.01	sound_movement
PBauto	embed.01	placing
PBauto	ticket.01	fining
PBauto	sacrifice.01	rite
PBauto	ponder.01	cogitation
PBauto	ticket.02	fining
PBauto	coddle.02	apply_heat
PBauto	coddle.01	apply_heat
PBauto	pitch.01	cause_motion
PBauto	appear.02	appearance
PBauto	test.01	operational_testing
PBauto	irritate.01	experiencer_obj
PBauto	rehabilitate.01	cure
PBauto	give.LV	giving
PBauto	illustrate.02	evidence
PBauto	giggle.01	make_noise
PBauto	join.01	cause_to_amalgamate
PBauto	watch.01	perception_active
PBauto	occur.01	event
PBauto	load.02	filling
PBauto	eyeball.01	scrutiny
PBauto	gulp.02	ingestion
PBauto	figure.02	opinion
PBauto	hire.01	hiring
PBauto	lave.02	grooming
PBauto	pickle.01	preserving
PBauto	recuperate.01	recovery
PBauto	pain.01	perception_body
PBauto	redirect.01	redirecting
PBauto	obsess.01	emotion_active
PBauto	boo.01	judgment
PBauto	bungle.01	bungling
PBauto	manicure.01	grooming
PBauto	predominate.01	dominate_situation
PBauto	kindle.01	setting_fire
PBauto	glaze.01	filling
PBauto	colonize.01	colonization
PBauto	herd.01	gathering_up
PBauto	reform.01	reforming_a_system
PBauto	boom.01	make_noise
PBauto	claim.01	statement
PBauto	connect.01	make_cognitive_connection
PBauto	decapitate.01	killing
PBauto	concede.01	statement
PBauto	intimidate.01	experiencer_obj
PBauto	gladden.01	experiencer_obj
PBauto	level.01	destroying
PBauto	confess.01	reveal_secret
PBauto	reflect.02	cogitation
PBauto	commute.01	travel
PBauto	plan.01	purpose
PBauto	substantiate.01	evidence
PBauto	accredit.01	appointing
PBauto	recover.03	recovery
PBauto	recover.02	recovery
PBauto	think.01	cogitation
PBauto	reiterate.01	statement
PBauto	propagate.01	birth
PBauto	feign.01	feigning
PBauto	emigrate.01	quitting_a_place
PBauto	stalk.02	cotheme
PBauto	abbreviate.01	change_event_duration
PBauto	stalk.01	self_motion
PBauto	grind.02	grinding
PBauto	grind.03	body_movement
PBauto	flow.01	fluidic_motion
PBauto	react.01	response
PBauto	hurry.01	self_motion
PBauto	associate.01	relating_concepts
PBauto	govern.01	leadership
PBauto	let.01	grant_permission
PBauto	wire.01	communication_means
PBauto	descend.01	path_shape
PBauto	drive.02	subjective_influence
PBauto	exhaust.01	exhaust_resource
PBauto	braise.01	apply_heat
PBauto	coach.01	education_teaching
PBauto	consecrate.03	rite
PBauto	love.01	experiencer_focus
PBauto	ferry.01	bringing
PBauto	love.02	experiencer_focus
PBauto	unzip.01	closure
PBauto	drawl.01	communication_manner
PBauto	judge.01	assessing
PBauto	dare.01	daring
PBauto	tolerate.01	tolerating
PBauto	defend.01	justifying
PBauto	peer.01	perception_active
PBauto	witness.01	perception_experience
PBauto	demand.01	request
PBauto	offer.01	offering
PBauto	raid.01	attack
PBauto	pucker.01	body_movement
PBauto	pucker.02	body_movement
PBauto	evaluate.101	assessing
PBauto	spear.01	cause_harm
PBauto	capitulate.01	giving_in
PBauto	microwave.01	apply_heat
PBauto	drink.01	ingestion
PBauto	farm.01	agriculture
PBauto	lisp.01	communication_manner
PBauto	modify.01	cause_change
PBauto	drag.01	cause_motion
PBauto	placate.01	experiencer_obj
PBauto	set.02	bail_decision
PBauto	breathe.01	breathing
PBauto	cooperate.01	collaboration
PBauto	breathe.02	breathing
PBauto	communicate.01	communication
PBauto	downsize.01	firing
PBauto	insulate.02	protecting
PBauto	insulate.01	protecting
PBauto	suppose.02	opinion
PBauto	suppose.01	opinion
PBauto	stand.04	placing
PBauto	puff.01	ingest_substance
PBauto	scorn.01	judgment
PBauto	subtract.01	non-commutative_process
PBauto	repay.01	repayment
PBauto	beat.03	beat_opponent
PBauto	beat.04	beat_opponent
PBauto	beat.05	cause_harm
PBauto	wrap.03	filling
PBauto	mollify.01	experiencer_obj
PBauto	disable.01	render_nonfunctional
PBauto	suspend.01	activity_pause
PBauto	nap.01	sleep
PBauto	obligate.01	imposing_obligation
PBauto	confuse.01	experiencer_obj
PBauto	botch.01	bungling
PBauto	disarm.01	emptying
PBauto	recognize.01	becoming_aware
PBauto	triple.01	change_position_on_a_scale
PBauto	knot.01	rope_manipulation
PBauto	hear.01	perception_experience
PBauto	auction.02	commerce_sell
PBauto	auction.01	commerce_sell
PBauto	announce.01	statement
PBauto	bin.01	placing
PBauto	tack.04	attaching
PBauto	proclaim.01	statement
PBauto	document.01	recording
PBauto	tack.02	operate_vehicle
PBauto	exhort.01	attempt_suasion
PBauto	bake.01	cooking_creation
PBauto	fling.01	cause_motion
PBauto	scramble.02	self_motion
PBauto	scuttle.01	self_motion
PBauto	scramble.01	self_motion
PBauto	master.01	education_teaching
PBauto	embezzle.01	theft
PBauto	inspire.01	subjective_influence
PBauto	boot.02	change_operational_state
PBauto	boot.01	change_operational_state
PBauto	chase.01	cotheme
PBauto	peek.01	perception_active
PBauto	pair.01	cause_to_amalgamate
PBauto	pair.02	cause_to_amalgamate
PBauto	counter.01	communication_response
PBauto	identify.01	verification
PBauto	scout.01	scrutiny
PBauto	relent.01	giving_in
PBauto	suffer.01	catastrophe
PBauto	identify.02	categorization
PBauto	engender.01	cause_to_start
PBauto	underscore.01	convey_importance
PBauto	reminisce.01	remembering_experience
PBauto	retard.01	hindering
PBauto	convict.01	verdict
PBauto	express.01	encoding
PBauto	pass.03	path_shape
PBauto	club.01	cause_harm
PBauto	will.01	giving
PBauto	groove.01	emotions_of_mental_activity
PBauto	groove.02	emotions_of_mental_activity
PBauto	pass.09	passing
PBauto	amass.01	gathering_up
PBauto	bestow.01	placing
PBauto	increase.01	change_position_on_a_scale
PBauto	rocket.01	change_position_on_a_scale
PBauto	angle.02	path_shape
PBauto	fetter.01	attaching
PBauto	resound.01	sound_movement
PBauto	resolve.02	resolve_problem
PBauto	lift.01	body_movement
PBauto	resolve.01	resolve_problem
PBauto	declare.01	statement
PBauto	ooze.01	fluidic_motion
PBauto	pass.14	passing
PBauto	lunge.01	self_motion
PBauto	luxuriate.01	emotions_of_mental_activity
PBauto	pass.19	passing
PBauto	resist.01	repel
PBauto	plait.01	grooming
PBauto	decay.01	rotting
PBauto	forward.01	sending
PBauto	finish.01	activity_finish
PBauto	entice.01	attempt_suasion
PBauto	bottle.01	placing
PBauto	pen.01	text_creation
PBauto	pen.02	text_creation
PBauto	keen.01	make_noise
PBauto	mortify.01	experiencer_obj
PBauto	encumber.01	hindering
PBauto	delouse.01	emptying
PBauto	clutch.01	manipulation
PBauto	disburse.01	commerce_pay
PBauto	topple.01	motion_directional
PBauto	clutch.02	manipulation
PBauto	decompose.01	rotting
PBauto	gawk.01	perception_active
PBauto	grade.02	assessing
PBauto	fillet.01	cutting
PBauto	grade.01	assessing
PBauto	sew.03	attaching
PBauto	decide.01	deciding
PBauto	extol.01	judgment_communication
PBauto	deify.01	judgment
PBauto	disperse.01	dispersal
PBauto	captivate.01	experiencer_obj
PBauto	obscure.01	eclipse
PBauto	stamp.04	body_movement
PBauto	crinkle.01	body_movement
PBauto	betroth.01	forming_relationships
PBauto	execrate.01	judgment_communication
PBauto	brag.01	bragging
PBauto	gambol.01	self_motion
PBauto	interrogate.01	questioning
PBauto	revitalize.01	rejuvenation
PBauto	dub.01	name_conferral
PBauto	fret.01	emotion_active
PBauto	terminate.02	firing
PBauto	knead.01	manipulation
PBauto	eschew.01	avoiding
PBauto	excuse.01	forgiveness
PBauto	reinvigorate.01	rejuvenation
PBauto	endanger.01	endangering
PBauto	decouple.01	becoming_detached
PBauto	discipline.01	rewards_and_punishments
PBauto	prance.01	self_motion
PBauto	reinstate.01	cause_to_resume
PBauto	nab.01	arrest
PBauto	spook.01	experiencer_obj
PBauto	portray.01	communicate_categorization
PBauto	decry.01	judgment_communication
PBauto	rhyme.01	compatibility
PBauto	gibe.01	judgment_communication
PBauto	provision.01	supply
PBauto	natter.01	communication_manner
PBauto	count.03	reliance
PBauto	count.01	being_in_category
PBauto	count.02	categorization
PBauto	invent.01	achieving_first
PBauto	dust.02	removing
PBauto	leave.02	giving
PBauto	dust.03	removing
PBauto	bare.01	wearing
PBauto	surrender.01	surrendering
PBauto	kid.01	prevarication
PBauto	poach.01	apply_heat
PBauto	poach.02	apply_heat
PBauto	stomp.01	self_motion
PBauto	falsify.01	forging
PBauto	collude.01	collaboration
PBauto	foist.01	giving
PBauto	fathom.01	grasp
PBauto	festoon.01	adorning
PBauto	damn.01	judgment_communication
PBauto	skirt.01	path_shape
PBauto	discard.01	removing
PBauto	cuff.01	cause_harm
PBauto	toast.01	apply_heat
PBauto	partner.01	collaboration
PBauto	liquidate.01	killing
PBauto	guess.01	coming_to_believe
PBauto	harass.01	manipulate_into_doing
PBauto	trumpet.01	communication_noise
PBauto	hinge.01	contingency
PBauto	bathe.01	grooming
PBauto	sprain.01	experience_bodily_harm
PBauto	bludgeon.01	cause_harm
PBauto	ease.02	cure
PBauto	harass.02	manipulate_into_doing
PBauto	gift.01	giving
PBauto	prioritize.01	place_weight_on
PBauto	befall.01	catastrophe
PBauto	ease.01	cure
PBauto	fear.01	experiencer_focus
PBauto	lap.01	ingestion
PBauto	deride.01	judgment_communication
PBauto	imprison.01	imprisonment
PBauto	fart.02	excreting
PBauto	cram.02	education_teaching
PBauto	fart.01	excreting
PBauto	plonk.01	make_noise
PBauto	dissuade.01	suasion
PBauto	reside.01	residence
PBauto	rid.01	emptying
PBauto	hose.01	render_nonfunctional
PBauto	steam.01	apply_heat
PBauto	mutilate.01	cause_harm
PBauto	blink.01	body_movement
PBauto	lug.01	bringing
PBauto	overhear.01	perception_experience
PBauto	misbehave.01	conduct
PBauto	meld.01	cause_to_amalgamate
PBauto	dart.02	self_motion
PBauto	dart.01	self_motion
PBauto	dart.03	self_motion
PBauto	back.02	self_motion
PBauto	back.01	taking_sides
PBauto	position.01	placing
PBauto	crease.01	body_movement
PBauto	foreshadow.01	omen
PBauto	disconcert.01	experiencer_obj
PBauto	forego.01	forgoing
PBauto	laugh.02	make_noise
PBauto	spill.01	fluidic_motion
PBauto	estimate.01	estimating
PBauto	laugh.01	make_noise
PBauto	coincide.01	simultaneity
PBauto	desiccate.01	cause_to_be_dry
PBauto	fume.02	emotion_heat
PBauto	bubble.01	fluidic_motion
PBauto	chop.01	cutting
PBauto	chop.03	cutting
PBauto	squint.01	perception_active
PBauto	check.01	scrutiny
PBauto	foresee.01	expectation
PBauto	ramble.02	speak_on_topic
PBauto	cost.01	expensiveness
PBauto	range.01	delimitation_of_diversity
PBauto	complement.01	rest
PBauto	photograph.01	create_representation
PBauto	hanker.01	desiring
PBauto	sniff.01	perception_active
PBauto	court.01	personal_relationship
PBauto	despair.01	experiencer_focus
PBauto	purr.01	motion_noise
PBauto	brown.01	apply_heat
PBauto	outlaw.01	prohibiting
PBauto	esteem.01	judgment
PBauto	obey.01	compliance
PBauto	bore.01	experiencer_obj
PBauto	bore.02	experiencer_obj
PBauto	plod.01	self_motion
PBauto	crack.02	cause_harm
PBauto	procure.01	getting
PBauto	write.01	text_creation
PBauto	neighbor.01	locative_relation
PBauto	multiply.01	proliferating_in_number
PBauto	revere.01	judgment
PBauto	prophesy.01	predicting
PBauto	raft.01	operate_vehicle
PBauto	surface.02	filling
PBauto	drowse.01	sleep
PBauto	debone.01	emptying
PBauto	fizzle.01	make_noise
PBauto	char.01	apply_heat
PBauto	note.02	becoming_aware
PBauto	notify.01	telling
PBauto	enroll.01	becoming_a_member
PBauto	impress.02	experiencer_obj
PBauto	impress.01	experiencer_obj
PBauto	gab.01	chatting
PBauto	bicker.01	quarreling
PBauto	soften.01	cause_change_of_consistency
PBauto	floor.01	experiencer_obj
PBauto	jot.02	text_creation
PBauto	jot.01	text_creation
PBauto	floor.02	experiencer_obj
PBauto	swill.01	ingestion
PBauto	dissolve.01	dispersal
PBauto	evince.01	evidence
PBauto	spearhead.01	leadership
PBauto	gratify.01	experiencer_obj
PBauto	sadden.01	experiencer_obj
PBauto	bring.04	bringing
PBauto	march.01	self_motion
PBauto	march.02	self_motion
PBauto	defect.01	quitting_a_place
PBauto	smile.02	making_faces
PBauto	frame.05	encoding
PBauto	concatenate.01	attaching
PBauto	frame.04	encoding
PBauto	garnish.02	adorning
PBauto	garnish.01	adorning
PBauto	conform.01	compliance
PBauto	nettle.01	experiencer_obj
PBauto	itch.02	desiring
PBauto	depose.01	change_of_leadership
PBauto	trust.02	certainty
PBauto	plaster.01	attaching
PBauto	concur.01	be_in_agreement_on_assessment
PBauto	caress.01	manipulation
PBauto	instigate.01	cause_to_start
PBauto	bring.01	bringing
PBauto	critique.01	judgment_communication
PBauto	condense.01	change_of_phase
PBauto	lecture.01	speak_on_topic
PBauto	type.02	text_creation
PBauto	type.01	text_creation
PBauto	lick.01	manipulation
PBauto	emplace.01	placing
PBauto	lick.02	manipulation
PBauto	succor.01	assistance
PBauto	mail.01	sending
PBauto	prowl.01	self_motion
PBauto	bullshit.01	prevarication
PBauto	divest.01	emptying
PBauto	hatch.01	coming_up_with
PBauto	raze.01	destroying
PBauto	observe.02	statement
PBauto	worry.01	emotion_active
PBauto	worry.02	emotion_active
PBauto	romp.01	self_motion
PBauto	dot.01	adorning
PBauto	mushroom.01	change_position_on_a_scale
PBauto	aim.02	aiming
PBauto	ridicule.01	judgment_communication
PBauto	comply.01	compliance
PBauto	wheel.01	bringing
PBauto	pretend.01	feigning
PBauto	symbolize.01	representing
PBauto	misspell.01	spelling_and_pronouncing
PBauto	dress.01	dressing
PBauto	fold.02	reshaping
PBauto	camp.01	residence
PBauto	deprive.01	prevent_from_having
PBauto	limp.01	self_motion
PBauto	adore.01	experiencer_focus
PBauto	hail.03	precipitation
PBauto	hail.02	judgment_communication
PBauto	hail.01	precipitation
PBauto	fold.03	reshaping
PBauto	fold.05	reshaping
PBauto	chat.01	chatting
PBauto	pace.02	self_motion
PBauto	equal.01	evaluative_comparison
PBauto	pace.01	self_motion
PBauto	disembowel.01	emptying
PBauto	question.01	questioning
PBauto	hike.02	self_motion
PBauto	slop.01	self_motion
PBauto	hike.01	self_motion
PBauto	fare.01	thriving
PBauto	profess.01	statement
PBauto	dispatch.01	sending
PBauto	hobble.01	self_motion
PBauto	jog.02	self_motion
PBauto	resign.03	quitting
PBauto	buffet.01	cause_harm
PBauto	dull.01	cause_to_be_sharp
PBauto	butter.01	filling
PBauto	switch.01	replacing
PBauto	swig.01	ingestion
PBauto	hound.01	cotheme
PBauto	hobble.02	self_motion
PBauto	suck.01	desirability
PBauto	perfect.01	cause_to_make_progress
PBauto	lament.01	complaining
PBauto	sweat.01	excreting
PBauto	stimulate.01	experiencer_obj
PBauto	present.102	cause_to_perceive
PBauto	shell.03	commerce_pay
PBauto	sweat.02	excreting
PBauto	spring.02	coming_to_be
PBauto	circle.01	motion
PBauto	beleaguer.01	besieging
PBauto	stub.01	experience_bodily_harm
PBauto	rock.01	moving_in_place
PBauto	transport.01	bringing
PBauto	evidence.01	evidence
PBauto	faint.01	fall_asleep
PBauto	stop.03	thwarting
PBauto	bully.01	manipulate_into_doing
PBauto	stable.01	placing
PBauto	vomit.02	excreting
PBauto	cease.01	activity_stop
PBauto	fidget.01	body_movement
PBauto	perplex.01	experiencer_obj
PBauto	spew.01	fluidic_motion
PBauto	present.101	cause_to_perceive
PBauto	wow.01	experiencer_obj
PBauto	propose.01	statement
PBauto	down.02	ingestion
PBauto	murmur.01	communication_noise
PBauto	pose.01	posing_as
PBauto	release.01	releasing
PBauto	asphalt.01	filling
PBauto	asphalt.02	filling
PBauto	blast.02	judgment_communication
PBauto	cause.01	causation
PBauto	flounce.01	self_motion
PBauto	sin.01	misdeed
PBauto	okay.01	grant_permission
PBauto	paw.01	manipulation
PBauto	disdain.01	judgment
PBauto	swell.01	cause_expansion
PBauto	draw.02	cause_motion
PBauto	feast.01	ingestion
PBauto	retire.02	quitting
PBauto	subvert.01	subversion
PBauto	nod.01	gesture
PBauto	rationalize.01	justifying
PBauto	confront.01	hostile_encounter
PBauto	detest.01	experiencer_focus
PBauto	handicap.01	hindering
PBauto	devour.01	ingestion
PBauto	resign.01	quitting
PBauto	survive.01	surviving
PBauto	feature.01	performers_and_roles
PBauto	render.02	causation
PBauto	rust.01	corroding
PBauto	render.03	categorization
PBauto	expect.01	expectation
PBauto	souse.02	cause_to_be_wet
PBauto	commit.01	commitment
PBauto	disturb.01	experiencer_obj
PBauto	pacify.01	experiencer_obj
PBauto	favor.01	partiality
PBauto	eject.01	removing
PBauto	mumble.01	communication_manner
PBauto	reject.01	respond_to_proposal
PBauto	preserve.01	preserving
PBauto	elicit.01	cause_to_start
PBauto	cluck.01	communication_noise
PBauto	sleep.03	sleep
PBauto	stride.01	self_motion
PBauto	lodge.02	placing
PBauto	excise.01	removing
PBauto	lodge.01	residence
PBauto	deem.01	categorization
PBauto	meet.02	make_acquaintance
PBauto	complete.01	activity_finish
PBauto	categorize.01	categorization
PBauto	camouflage.01	hiding_objects
PBauto	pressure.01	attempt_suasion
PBauto	pressure.02	attempt_suasion
PBauto	incarcerate.01	imprisonment
PBauto	dupe.01	manipulate_into_doing
PBauto	rank.01	occupy_rank
PBauto	smoke.03	ingest_substance
PBauto	portend.01	omen
PBauto	floss.01	grooming
PBauto	obliterate.01	destroying
PBauto	cure.01	cure
PBauto	cure.02	preserving
PBauto	misrepresent.01	prevarication
PBauto	loop.01	manipulate_into_shape
PBauto	chain.01	attaching
PBauto	tangle.02	rope_manipulation
PBauto	munch.01	ingestion
PBauto	reassure.01	experiencer_obj
PBauto	fizz.01	motion_noise
PBauto	behave.01	conduct
PBauto	doff.01	undressing
PBauto	prolong.01	change_event_duration
PBauto	gabble.01	communication_manner
PBauto	encounter.01	encounter
PBauto	last.01	duration_relation
PBauto	lie.02	prevarication
PBauto	chant.01	communication_manner
PBauto	dither.01	waver_between_options
PBauto	bicycle.01	operate_vehicle
PBauto	dislodge.01	removing
PBauto	flood.01	filling
PBauto	burp.01	excreting
PBauto	demolish.01	destroying
PBauto	populate.01	colonization
PBauto	account.01	justifying
PBauto	talk.01	chatting
PBauto	deploy.01	arranging
PBauto	lock.06	inhibit_movement
PBauto	purl.01	fluidic_motion
PBauto	lock.01	inhibit_movement
PBauto	come.02	arriving
PBauto	squabble.01	quarreling
PBauto	flock.02	mass_motion
PBauto	bisect.01	separating
PBauto	flock.01	mass_motion
PBauto	enforce.01	enforcing
PBauto	startle.01	experiencer_obj
PBauto	jiggle.01	body_movement
PBauto	rot.01	rotting
PBauto	fashion.01	building
PBauto	side.02	taking_sides
PBauto	catapult.01	cause_motion
PBauto	complain.01	complaining
PBauto	embellish.01	filling
PBauto	agree.01	compatibility
PBauto	jibe.01	compatibility
PBauto	roar.02	motion_noise
PBauto	infer.01	coming_to_believe
PBauto	gather.01	gathering_up
PBauto	escort.01	cotheme
PBauto	imperil.01	endangering
PBauto	face.01	confronting_problem
PBauto	assume.02	adopt_selection
PBauto	galvanize.03	processing_materials
PBauto	galvanize.01	subjective_influence
PBauto	galvanize.02	subjective_influence
PBauto	like.01	experiencer_focus
PBauto	ping.01	motion_noise
PBauto	expiate.01	atonement
PBauto	gesture.01	gesture
PBauto	humidify.01	cause_to_be_wet
PBauto	eye.01	perception_active
PBauto	stoop.01	change_posture
PBauto	pontificate.01	speak_on_topic
PBauto	comfort.01	experiencer_obj
PBauto	star.01	performers_and_roles
PBauto	hospitalize.01	institutionalization
PBauto	notice.01	becoming_aware
PBauto	forestall.01	thwarting
PBauto	squish.02	reshaping
PBauto	squish.01	reshaping
PBauto	gaze.01	perception_active
PBauto	resurrect.01	resurrection
PBauto	swish.02	motion_noise
PBauto	thrive.01	thriving
PBauto	swish.01	motion_noise
PBauto	discourage.01	experiencer_obj
PBauto	charge.07	commerce_collect
PBauto	pledge.01	commitment
PBauto	steep.01	apply_heat
PBauto	erect.01	building
PBauto	honk.01	cause_to_make_noise
PBauto	excoriate.01	judgment_communication
PBauto	rob.01	robbery
PBauto	be.04	performers_and_roles
PBauto	cruise.01	ride_vehicle
PBauto	get.03	becoming
PBauto	be.03	performers_and_roles
PBauto	get.02	grasp
PBauto	get.01	grasp
PBauto	proffer.01	offering
PBauto	descale.01	emptying
PBauto	extend.01	change_event_duration
PBauto	extend.02	offering
PBauto	quieten.01	become_silent
PBauto	widow.01	personal_relationship
PBauto	abandon.03	activity_stop
PBauto	quieten.02	become_silent
PBauto	wag.01	body_movement
PBauto	blame.01	judgment
PBauto	drip.01	cause_fluidic_motion
PBauto	invigorate.01	rejuvenation
PBauto	curl.01	hair_configuration
PBauto	birth.01	birth
PBauto	possess.01	possession
PBauto	park.01	placing
PBauto	perform.LV	intentionally_act
PBauto	belittle.01	judgment_communication
PBauto	imagine.01	awareness
PBauto	outrage.01	experiencer_obj
PBauto	cheep.01	make_noise
PBauto	clerk.01	being_employed
PBauto	beguile.01	experiencer_obj
PBauto	puke.02	excreting
PBauto	beguile.02	experiencer_obj
PBauto	puke.01	excreting
PBauto	differentiate.01	differentiation
PBauto	outshine.01	surpassing
PBauto	relish.01	emotions_of_mental_activity
PBauto	rumor.01	unattributed_information
PBauto	rip.01	cause_to_fragment
PBauto	braid.01	rope_manipulation
PBauto	ready.01	activity_prepare
PBauto	long.01	desiring
PBauto	flop.01	moving_in_place
PBauto	depict.01	communicate_categorization
PBauto	evoke.01	evoking
PBauto	flux.03	cause_to_amalgamate
PBauto	consent.01	commitment
PBauto	flux.02	cause_change_of_phase
PBauto	defecate.01	excreting
PBauto	rinse.01	removing
PBauto	decontaminate.01	emptying
PBauto	stack.02	evaluative_comparison
PBauto	revisit.01	visiting
PBauto	devastate.01	destroying
PBauto	query.01	questioning
PBauto	underline.01	convey_importance
PBauto	print.01	text_creation
PBauto	can.02	firing
PBauto	mystify.01	experiencer_obj
PBauto	chafe.01	emotion_heat
PBauto	quiver.01	moving_in_place
PBauto	prompt.01	cause_to_start
PBauto	cut.05	cause_change_of_position_on_a_scale
PBauto	can.01	preserving
PBauto	prompt.02	cause_to_start
PBauto	surprise.01	experiencer_obj
PBauto	excrete.01	emitting
PBauto	irk.01	experiencer_obj
PBauto	shake.03	experiencer_obj
PBauto	mutter.01	communication_manner
PBauto	exasperate.01	experiencer_obj
PBauto	beguile.03	experiencer_obj
PBauto	bat.01	body_movement
PBauto	conspire.01	collaboration
PBauto	barbecue.01	apply_heat
PBauto	quarter.01	temporary_stay
PBauto	bond.01	attaching
PBauto	mark.02	sign
PBauto	mark.01	sign
PBauto	terrorize.01	cause_to_experience
PBauto	deliver.LV	delivery
PBauto	dip.02	dunking
PBauto	dip.01	change_position_on_a_scale
PBauto	name.02	name_conferral
PBauto	sift.01	scouring
PBauto	endorse.01	taking_sides
PBauto	charge.04	commerce_collect
PBauto	fry.01	apply_heat
PBauto	hurl.01	cause_motion
PBauto	conduct.01	cotheme
PBauto	commence.01	process_start
PBauto	carjack.01	piracy
PBauto	staple.01	attaching
PBauto	vacate.01	quitting_a_place
PBauto	reappraise.01	assessing
PBauto	crash.01	impact
PBauto	take.10	taking_time
PBauto	furnish.01	supply
PBauto	biff.01	cause_harm
PBauto	mourn.01	experiencer_focus
PBauto	detain.01	detaining
PBauto	cage.01	placing
PBauto	nickname.01	name_conferral
PBauto	people.01	colonization
PBauto	censure.01	judgment_communication
PBauto	expound.01	speak_on_topic
PBauto	take.05	removing
PBauto	conjure.01	evoking
PBauto	entreat.01	request
PBauto	dazzle.01	experiencer_obj
PBauto	enhance.01	cause_change_of_position_on_a_scale
PBauto	grip.01	manipulation
PBauto	denounce.01	judgment_communication
PBauto	proliferate.01	proliferating_in_number
PBauto	weather.01	surviving
PBauto	presume.01	awareness
PBauto	remonstrate.01	judgment_communication
PBauto	await.01	expectation
PBauto	envy.01	experiencer_focus
PBauto	marry.01	forming_relationships
PBauto	preside.01	leadership
PBauto	denude.01	emptying
PBauto	submit.01	submitting_documents
PBauto	writhe.01	body_movement
PBauto	compliment.01	judgment_direct_address
PBauto	manacle.01	attaching
PBauto	scream.01	communication_noise
PBauto	steal.01	theft
PBauto	bluster.01	communication_manner
PBauto	breakfast.01	ingestion
PBauto	massage.01	manipulation
PBauto	try.01	attempt
PBauto	belt.03	cause_harm
PBauto	equip.01	supply
PBauto	try.04	attempt
PBauto	improvise.01	coming_up_with
PBauto	summarize.01	summarizing
PBauto	restructure.01	reforming_a_system
PBauto	class.01	categorization
PBauto	quiet.02	silencing
PBauto	bomb.01	attack
PBauto	quiet.01	silencing
PBauto	slide.01	cause_motion
PBauto	revolt.01	change_of_leadership
PBauto	revolt.02	experiencer_obj
PBauto	converse.01	chatting
PBauto	evolve.02	coming_to_be
PBauto	evolve.01	coming_to_be
PBauto	rankle.01	experiencer_obj
PBauto	exhilarate.01	experiencer_obj
PBauto	expend.01	exhaust_resource
PBauto	tell.01	telling
PBauto	delight.03	experiencer_obj
PBauto	delight.01	experiencer_obj
PBauto	route.01	sending
PBauto	make.02	causation
PBauto	stupefy.01	experiencer_obj
PBauto	remedy.01	cure
PBauto	train.01	education_teaching
PBauto	lower.01	cause_change_of_position_on_a_scale
PBauto	pilfer.01	theft
PBauto	paste.01	attaching
PBauto	hasten.01	self_motion
PBauto	make.14	arriving
PBauto	stroke.01	manipulation
PBauto	cascade.01	fluidic_motion
PBauto	doze.01	sleep
PBauto	help.02	assistance
PBauto	emerge.02	coming_to_be
PBauto	emerge.01	departing
PBauto	shorten.01	change_event_duration
PBauto	spout.02	fluidic_motion
PBauto	spout.01	fluidic_motion
PBauto	nick.01	damaging
PBauto	grope.01	seeking
PBauto	pigeonhole.01	categorization
PBauto	quarrel.01	quarreling
PBauto	seat.02	capacity
PBauto	dethrone.01	change_of_leadership
PBauto	mislead.02	prevarication
PBauto	mislead.01	prevarication
PBauto	carry.01	bringing
PBauto	embarrass.01	experiencer_obj
PBauto	garage.01	placing
PBauto	course.01	fluidic_motion
PBauto	faze.01	experiencer_obj
PBauto	skin.01	emptying
PBauto	overhaul.01	reforming_a_system
PBauto	crawl.01	self_motion
PBauto	research.01	research
PBauto	assert.03	statement
PBauto	massacre.01	killing
PBauto	sunburn.01	experience_bodily_harm
PBtrivial	astound.01	experiencer_obj
PBtrivial	skirmish.01	hostile_encounter
PBtrivial	unsettle.01	experiencer_obj
PBtrivial	rouse.01	cause_to_wake
PBtrivial	indurate.01	cause_change_of_consistency
PBtrivial	tread.01	self_motion
PBtrivial	abound.01	abundance
PBtrivial	flout.01	compliance
PBtrivial	trek.01	self_motion
PBtrivial	figure.05	coming_to_believe
PBtrivial	wake.02	waking_up
PBtrivial	gulp.01	ingestion
PBtrivial	attack.01	attack
PBtrivial	acclaim.01	judgment_communication
PBtrivial	wake.01	waking_up
PBtrivial	figure.01	opinion
PBtrivial	slink.01	self_motion
PBtrivial	affect.02	feigning
PBtrivial	affect.01	objective_influence
PBtrivial	accede.01	sign_agreement
PBtrivial	wish.01	desiring
PBtrivial	lave.01	grooming
PBtrivial	warp.01	reshaping
PBtrivial	abet.01	assistance
PBtrivial	send.01	sending
PBtrivial	totter.01	self_motion
PBtrivial	truck.01	bringing
PBtrivial	ship.01	sending
PBtrivial	corroborate.01	evidence
PBtrivial	avenge.01	revenge
PBtrivial	replicate.01	duplication
PBtrivial	smirk.01	making_faces
PBtrivial	aim.01	purpose
PBtrivial	atone.01	atonement
PBtrivial	separate.01	forming_relationships
PBtrivial	hydrate.01	cause_to_be_wet
PBtrivial	tutor.01	education_teaching
PBtrivial	wade.01	self_motion
PBtrivial	insert.01	placing
PBtrivial	jabber.01	communication_manner
PBtrivial	knock.02	cause_change_of_position_on_a_scale
PBtrivial	predate.01	relative_time
PBtrivial	skim.03	removing
PBtrivial	skim.02	removing
PBtrivial	cock.01	body_movement
PBtrivial	skim.01	self_motion
PBtrivial	inhibit.01	hindering
PBtrivial	improve.01	cause_to_make_progress
PBtrivial	widen.01	cause_expansion
PBtrivial	provide.01	supply
PBtrivial	win.01	finish_competition
PBtrivial	dehydrate.01	cause_to_be_dry
PBtrivial	flourish.01	thriving
PBtrivial	warble.01	communication_noise
PBtrivial	thrust.01	cause_motion
PBtrivial	solder.01	attaching
PBtrivial	abstain.01	forgoing
PBtrivial	describe.01	communicate_categorization
PBtrivial	saunter.01	self_motion
PBtrivial	smell.02	appearance
PBtrivial	voyage.01	travel
PBtrivial	recover.01	recovery
PBtrivial	slop.02	self_motion
PBtrivial	institute.01	execute_plan
PBtrivial	seem.01	appearance
PBtrivial	toll.01	make_noise
PBtrivial	smart.01	perception_body
PBtrivial	store.01	storing
PBtrivial	undermine.01	subversion
PBtrivial	bear.02	birth
PBtrivial	stir.02	experiencer_obj
PBtrivial	jog.01	self_motion
PBtrivial	put.06	change_event_time
PBtrivial	put.08	dressing
PBtrivial	condemn.01	judgment_communication
PBtrivial	put.02	encoding
PBtrivial	aid.01	assistance
PBtrivial	choose.01	choosing
PBtrivial	shout.01	communication_manner
PBtrivial	initiate.02	rite
PBtrivial	saute.01	apply_heat
PBtrivial	initiate.01	activity_start
PBtrivial	measure.01	dimension
PBtrivial	sleet.01	precipitation
PBtrivial	grind.01	grinding
PBtrivial	receive.01	receiving
PBtrivial	respire.01	breathing
PBtrivial	arrest.02	cause_to_end
PBtrivial	arrest.01	arrest
PBtrivial	shrug.01	body_movement
PBtrivial	retch.01	excreting
PBtrivial	volunteer.01	commitment
PBtrivial	situate.01	placing
PBtrivial	cover.03	topic
PBtrivial	sound.01	appearance
PBtrivial	sound.02	make_noise
PBtrivial	trudge.01	self_motion
PBtrivial	insist.01	statement
PBtrivial	shudder.01	body_movement
PBtrivial	wire.02	attaching
PBtrivial	argue.02	quarreling
PBtrivial	murder.01	killing
PBtrivial	hinder.01	hindering
PBtrivial	lump.01	cause_to_amalgamate
PBtrivial	direct.01	behind_the_scenes
PBtrivial	lack.01	possession
PBtrivial	scrimp.01	frugality
PBtrivial	whinny.01	make_noise
PBtrivial	shoulder.01	placing
PBtrivial	concern.02	topic
PBtrivial	grow.02	becoming
PBtrivial	realize.01	coming_to_believe
PBtrivial	snort.02	ingest_substance
PBtrivial	slip.02	undressing
PBtrivial	desire.01	desiring
PBtrivial	pull.03	success_or_failure
PBtrivial	process.01	processing_materials
PBtrivial	shepherd.01	cotheme
PBtrivial	vomit.01	excreting
PBtrivial	shop.01	shopping
PBtrivial	vaunt.01	bragging
PBtrivial	thank.01	judgment_direct_address
PBtrivial	attempt.01	attempt
PBtrivial	debate.01	discussion
PBtrivial	wonder.01	cogitation
PBtrivial	go.25	speak_on_topic
PBtrivial	go.22	compatibility
PBtrivial	establish.01	intentionally_create
PBtrivial	combust.01	setting_fire
PBtrivial	acquiesce.01	giving_in
PBtrivial	shape.01	reshaping
PBtrivial	tile.01	filling
PBtrivial	affirm.01	statement
PBtrivial	allege.01	statement
PBtrivial	arrive.01	arriving
PBtrivial	retire.01	quitting
PBtrivial	shirk.01	avoiding
PBtrivial	denigrate.01	judgment_communication
PBtrivial	unbuckle.01	closure
PBtrivial	safeguard.01	protecting
PBtrivial	fit.01	suitability
PBtrivial	varnish.01	filling
PBtrivial	contradict.01	evidence
PBtrivial	flare.02	light_movement
PBtrivial	consider.01	categorization
PBtrivial	follow.01	relative_time
PBtrivial	consider.02	cogitation
PBtrivial	yodel.01	make_noise
PBtrivial	scare.01	experiencer_obj
PBtrivial	jail.01	imprisonment
PBtrivial	souse.01	cause_to_be_wet
PBtrivial	unscrew.01	closure
PBtrivial	commit.02	committing_crime
PBtrivial	admonish.01	attempt_suasion
PBtrivial	adhere.02	compliance
PBtrivial	admonish.02	judgment_direct_address
PBtrivial	ambush.01	attack
PBtrivial	simper.01	communication_manner
PBtrivial	waggle.01	body_movement
PBtrivial	set.01	placing
PBtrivial	trade.01	exchange
PBtrivial	prickle.01	perception_body
PBtrivial	set.05	cause_to_start
PBtrivial	amble.01	self_motion
PBtrivial	sing.01	communication_manner
PBtrivial	wrangle.01	quarreling
PBtrivial	intend.01	purpose
PBtrivial	behoove.01	being_obligatory
PBtrivial	avert.01	preventing
PBtrivial	sleep.01	sleep
PBtrivial	slog.01	self_motion
PBtrivial	exist.01	existence
PBtrivial	evaluate.01	assessing
PBtrivial	soap.01	grooming
PBtrivial	shanghai.01	kidnapping
PBtrivial	sack.01	firing
PBtrivial	veil.01	eclipse
PBtrivial	go.19	going_back_on_a_commitment
PBtrivial	abut.01	locative_relation
PBtrivial	contract.01	expansion
PBtrivial	go.15	process_continue
PBtrivial	tour.01	travel
PBtrivial	hunger.01	desiring
PBtrivial	schlep.01	bringing
PBtrivial	threaten.01	commitment
PBtrivial	own.01	possession
PBtrivial	dismiss.01	firing
PBtrivial	leap.01	traversing
PBtrivial	vex.01	experiencer_obj
PBtrivial	unload.02	emptying
PBtrivial	discern.01	becoming_aware
PBtrivial	unload.01	removing
PBtrivial	smoke.02	ingest_substance
PBtrivial	stroll.01	self_motion
PBtrivial	skate.01	operate_vehicle
PBtrivial	tote.01	bringing
PBtrivial	meditate.01	cogitation
PBtrivial	stigmatize.01	judgment
PBtrivial	tangle.01	rope_manipulation
PBtrivial	represent.01	communicate_categorization
PBtrivial	expose.01	reveal_secret
PBtrivial	shoot.03	behind_the_scenes
PBtrivial	add.01	statement
PBtrivial	anticipate.01	expectation
PBtrivial	wet.01	cause_to_be_wet
PBtrivial	shelve.01	placing
PBtrivial	end.03	becoming
PBtrivial	snicker.01	make_noise
PBtrivial	smuggle.01	smuggling
PBtrivial	criticize.01	judgment_communication
PBtrivial	impact.02	impact
PBtrivial	ring.04	contacting
PBtrivial	solace.01	experiencer_obj
PBtrivial	depart.01	departing
PBtrivial	slither.01	self_motion
PBtrivial	astonish.01	experiencer_obj
PBtrivial	strengthen.01	cause_change_of_strength
PBtrivial	yearn.01	desiring
PBtrivial	word.01	encoding
PBtrivial	achieve.01	accomplishment
PBtrivial	select.01	choosing
PBtrivial	tack.01	attaching
PBtrivial	wreak.01	causation
PBtrivial	come.01	arriving
PBtrivial	anger.01	experiencer_obj
PBtrivial	transpire.01	event
PBtrivial	whip.01	cause_harm
PBtrivial	aver.01	statement
PBtrivial	scuttle.02	self_motion
PBtrivial	accumulate.01	amassing
PBtrivial	sicken.01	experiencer_obj
PBtrivial	acquire.01	getting
PBtrivial	ail.01	perception_body
PBtrivial	scramble.03	self_motion
PBtrivial	accomplish.01	accomplishment
PBtrivial	ask.02	request
PBtrivial	ask.01	questioning
PBtrivial	round.03	path_shape
PBtrivial	wax.01	grooming
PBtrivial	abrade.01	experience_bodily_harm
PBtrivial	scowl.01	making_faces
PBtrivial	applaud.01	judgment
PBtrivial	awaken.01	cause_to_wake
PBtrivial	smother.01	killing
PBtrivial	heat.02	cause_temperature_change
PBtrivial	sip.01	ingestion
PBtrivial	trouble.01	experiencer_obj
PBtrivial	side.01	taking_sides
PBtrivial	eat.01	ingestion
PBtrivial	scout.02	scrutiny
PBtrivial	invite.01	request
PBtrivial	abuse.01	abusing
PBtrivial	sashay.01	self_motion
PBtrivial	stow.01	placing
PBtrivial	shield.01	protecting
PBtrivial	express.02	sending
PBtrivial	total.02	render_nonfunctional
PBtrivial	fester.01	rotting
PBtrivial	punish.01	rewards_and_punishments
PBtrivial	zip.02	closure
PBtrivial	will.02	desiring
PBtrivial	amaze.01	experiencer_obj
PBtrivial	thirst.01	desiring
PBtrivial	upset.01	experiencer_obj
PBtrivial	semaphore.01	communication_means
PBtrivial	address.02	topic
PBtrivial	score.01	getting
PBtrivial	wallpaper.01	filling
PBtrivial	shriek.01	communication_noise
PBtrivial	wrinkle.01	body_movement
PBtrivial	spell.01	spelling_and_pronouncing
PBtrivial	stew.02	emotion_heat
PBtrivial	amount.01	amounting_to
PBtrivial	flex.01	body_movement
PBtrivial	pump.04	cause_fluidic_motion
PBtrivial	explode.02	change_position_on_a_scale
PBtrivial	confer.01	discussion
PBtrivial	declare.02	statement
PBtrivial	reply.01	communication_response
PBtrivial	fire.02	firing
PBtrivial	vault.01	self_motion
PBtrivial	articulate.01	expressing_publicly
PBtrivial	sigh.02	breathing
PBtrivial	sneak.01	self_motion
PBtrivial	sob.01	make_noise
PBtrivial	yoke.01	attaching
PBtrivial	unchain.01	detaching
PBtrivial	focus.01	place_weight_on
PBtrivial	slay.01	killing
PBtrivial	awake.01	waking_up
PBtrivial	scratch.02	damaging
PBtrivial	expurgate.01	removing
PBtrivial	arch.01	body_movement
PBtrivial	skulk.01	self_motion
PBtrivial	hop.02	board_vehicle
PBtrivial	tarnish.01	corroding_caused
PBtrivial	assemble.02	gathering_up
PBtrivial	compare.01	evaluative_comparison
PBtrivial	snap.05	cause_to_fragment
PBtrivial	cast.01	cause_motion
PBtrivial	sire.01	birth
PBtrivial	inspissate.01	cause_change_of_consistency
PBtrivial	vaticinate.01	predicting
PBtrivial	stone.02	cause_harm
PBtrivial	annoy.01	experiencer_obj
PBtrivial	scald.01	apply_heat
PBtrivial	sop.03	cause_to_be_wet
PBtrivial	sop.02	cause_to_be_wet
PBtrivial	protect.01	protecting
PBtrivial	coin.01	achieving_first
PBtrivial	satisfy.01	experiencer_obj
PBtrivial	contend.01	statement
PBtrivial	teach.01	education_teaching
PBtrivial	be.01	performers_and_roles
PBtrivial	treat.01	communicate_categorization
PBtrivial	treat.02	giving
PBtrivial	pulverize.01	grinding
PBtrivial	treat.03	cure
PBtrivial	shiver.01	body_movement
PBtrivial	vanish.01	departing
PBtrivial	gasp.02	communication_noise
PBtrivial	sew.01	attaching
PBtrivial	aggrieve.01	experiencer_obj
PBtrivial	thwart.01	thwarting
PBtrivial	treat.04	processing_materials
PBtrivial	treat.05	topic
PBtrivial	age.01	aging
PBtrivial	straggle.01	self_motion
PBtrivial	abduct.01	kidnapping
PBtrivial	console.01	experiencer_obj
PBtrivial	dunk.01	dunking
PBtrivial	educate.01	education_teaching
PBtrivial	twiddle.01	body_movement
PBtrivial	sheathe.01	placing
PBtrivial	thrill.01	experiencer_obj
PBtrivial	deplore.01	judgment
PBtrivial	get.16	revenge
PBtrivial	wear.01	wearing
PBtrivial	track.01	cotheme
PBtrivial	sentence.01	sentencing
PBtrivial	wheedle.01	attempt_suasion
PBtrivial	date.02	personal_relationship
PBtrivial	extract.01	removing
PBtrivial	truss.01	attaching
PBtrivial	sledge.01	operate_vehicle
PBtrivial	remind.01	evoking
PBtrivial	wheeze.02	motion_noise
PBtrivial	wheeze.01	communication_noise
PBtrivial	contemplate.01	cogitation
PBtrivial	occupy.01	residence
PBtrivial	stress.02	place_weight_on
PBtrivial	stress.01	convey_importance
PBtrivial	anchor.01	attaching
PBtrivial	ululate.01	make_noise
PBtrivial	classify.01	categorization
PBtrivial	snore.01	make_noise
PBtrivial	war.01	hostile_encounter
PBtrivial	antagonize.01	experiencer_obj
PBtrivial	vest.01	change_of_leadership
PBtrivial	clear.03	verdict
PBtrivial	secure.01	getting
PBtrivial	soar.02	motion
PBtrivial	soar.01	change_position_on_a_scale
PBtrivial	comment.02	statement
PBtrivial	throw.05	excreting
PBtrivial	unhitch.01	detaching
PBtrivial	comment.01	statement
PBtrivial	upbraid.01	judgment_direct_address
PBtrivial	forgo.01	avoiding
PBtrivial	shock.01	experiencer_obj
PBtrivial	stymie.01	thwarting
PBtrivial	shampoo.01	grooming
PBtrivial	provoke.01	cause_to_start
PBtrivial	amuse.01	cause_to_experience
PBtrivial	tout.01	judgment_communication
PBtrivial	tug.02	manipulation
PBtrivial	tally.01	adding_up
PBtrivial	apprise.01	telling
PBtrivial	tape.01	attaching
PBtrivial	construct.01	building
PBtrivial	cudgel.01	cause_harm
PBtrivial	found.01	intentionally_create
PBtrivial	testify.01	evidence
PBtrivial	accompany.01	cotheme
PBtrivial	shit.01	excreting
PBtrivial	count.04	importance
PBtrivial	reprove.01	judgment_direct_address
PBtrivial	transform.01	cause_change
PBtrivial	dance.02	self_motion
PBtrivial	flit.01	self_motion
PBtrivial	seep.01	fluidic_motion
PBtrivial	slurp.01	ingestion
PBtrivial	assist.01	assistance
PBtrivial	yowl.01	make_noise
PBtrivial	aspire.01	desiring
PBtrivial	jab.01	cause_impact
PBtrivial	screw.01	bungling
PBtrivial	approve.01	grant_permission
PBtrivial	signify.01	sign
PBtrivial	hand.03	giving
PBtrivial	school.01	education_teaching
PBtrivial	hand.01	giving
PBtrivial	taste.02	appearance
PBtrivial	hand.02	giving
PBtrivial	perform.01	intentionally_act
PBtrivial	snooze.01	sleep
PBtrivial	assess.01	assessing
PBtrivial	tempt.01	attempt_suasion
PBtrivial	thin.01	cause_change_of_consistency
PBtrivial	unhook.01	detaching
PBtrivial	die.01	death
PBtrivial	author.01	text_creation
PBtrivial	skirt.02	avoiding
PBtrivial	creep.01	self_motion
PBtrivial	splinter.01	cause_to_fragment
PBtrivial	cut.02	cause_change_of_position_on_a_scale
PBtrivial	file.03	self_motion
PBtrivial	vow.01	commitment
PBtrivial	skyrocket.01	change_position_on_a_scale
PBtrivial	answer.01	communication_response
PBtrivial	reaffirm.01	statement
PBtrivial	conflict.01	compatibility
PBtrivial	shack.01	residence
PBtrivial	weaponize.01	processing_materials
PBtrivial	divulge.01	reveal_secret
PBtrivial	affix.01	attaching
PBtrivial	undergo.01	undergoing
PBtrivial	undercut.01	subversion
PBtrivial	whir.01	motion_noise
PBtrivial	tiptoe.01	self_motion
PBtrivial	scrutinize.01	scrutiny
PBtrivial	warrant.01	deserving
PBtrivial	whistle.01	make_noise
PBtrivial	acquit.01	verdict
PBtrivial	interfere.01	hindering
PBtrivial	proscribe.01	prohibiting
PBtrivial	shed.01	undressing
PBtrivial	waddle.01	self_motion
PBtrivial	contact.01	contacting
PBtrivial	intercept.01	intercepting
PBtrivial	shove.01	cause_motion
PBtrivial	thieve.01	theft
PBtrivial	take.24	inchoative_attaching
PBtrivial	solve.01	resolve_problem
PBtrivial	waste.01	frugality
PBtrivial	undress.01	undressing
PBtrivial	trail.01	cotheme
PBtrivial	walk.01	self_motion
PBtrivial	charge.01	commerce_collect
PBtrivial	charge.02	attack
PBtrivial	shoplift.01	theft
PBtrivial	yell.01	communication_noise
PBtrivial	distinguish.01	differentiation
PBtrivial	impale.01	cause_harm
PBtrivial	ascertain.01	coming_to_believe
PBtrivial	travel.01	travel
PBtrivial	adopt.01	adopt_selection
PBtrivial	admix.01	cause_to_amalgamate
PBtrivial	view.01	perception_active
PBtrivial	view.02	categorization
PBtrivial	conduct.02	conduct
PBtrivial	soothe.01	experiencer_obj
PBtrivial	sort.01	differentiation
PBtrivial	take.12	change_of_leadership
PBtrivial	usher.02	cotheme
PBtrivial	waltz.01	self_motion
PBtrivial	renounce.01	renunciation
PBtrivial	seesaw.01	cause_to_move_in_place
PBtrivial	disclose.01	reveal_secret
PBtrivial	assault.01	attack
PBtrivial	fancy.02	desiring
PBtrivial	shatter.01	cause_to_fragment
PBtrivial	wiggle.02	body_movement
PBtrivial	kill.01	killing
PBtrivial	seed.02	filling
PBtrivial	concoct.01	cooking_creation
PBtrivial	ruin.01	bungling
PBtrivial	alleviate.01	cure
PBtrivial	seed.04	emptying
PBtrivial	trick.01	manipulate_into_doing
PBtrivial	apprehend.01	arrest
PBtrivial	nose.01	seeking
PBtrivial	freeze.02	activity_pause
PBtrivial	negotiate.01	discussion
PBtrivial	tear.04	cause_to_fragment
PBtrivial	sit.02	change_posture
PBtrivial	scurry.01	self_motion
PBtrivial	lead.02	leadership
PBtrivial	simulate.01	feigning
PBtrivial	lead.01	cotheme
PBtrivial	torture.01	cause_harm
PBtrivial	skip.01	forgoing
PBtrivial	skip.02	self_motion
PBtrivial	torch.01	setting_fire
PBtrivial	interpret.01	categorization
PBtrivial	sharpen.01	cause_to_be_sharp
PBtrivial	snow.01	precipitation
PBtrivial	fume.01	emotion_heat
PBtrivial	tether.01	attaching
PBtrivial	snigger.01	make_noise
PBtrivial	turn.13	change_operational_state
PBtrivial	yap.01	make_noise
PBtrivial	step.03	cause_change_of_position_on_a_scale
PBtrivial	tingle.01	perception_body
PBtrivial	toboggan.01	operate_vehicle
PBtrivial	turn.14	contingency
PBtrivial	yammer.03	make_noise
PBtrivial	reckon.01	awareness
PBtrivial	contribute.01	giving
PBtrivial	arise.01	coming_to_be
PBtrivial	twitch.01	body_movement
PBtrivial	yammer.02	make_noise
PBtrivial	yammer.01	make_noise
PBtrivial	swim.01	self_motion
PBtrivial	deliver.01	delivery
PBtrivial	renege.01	going_back_on_a_commitment
PBtrivial	scoff.01	judgment_communication
PBtrivial	wed.01	forming_relationships
PBtrivial	array.01	arranging
PBtrivial	scuffle.01	hostile_encounter
PBtrivial	secrete.01	emitting
PBtrivial	employ.02	using
PBtrivial	transfix.01	cause_harm
PBtrivial	adjoin.01	locative_relation
PBtrivial	scamper.01	self_motion
PBtrivial	agonize.01	emotion_active
PBtrivial	vend.01	commerce_sell
PBtrivial	defer.01	change_event_time
PBtrivial	toddle.01	self_motion
PBtrivial	actuate.01	cause_to_start
PBtrivial	arraign.01	arraignment
PBtrivial	thwack.01	cause_harm
PBtrivial	turn.05	respond_to_proposal
PBtrivial	belt.02	cause_harm
PBtrivial	slaughter.01	killing
PBtrivial	yawn.01	body_movement
PBtrivial	archive.01	placing
PBtrivial	look.02	appearance
PBtrivial	turn.07	change_operational_state
PBtrivial	violate.01	compliance
PBtrivial	disappear.01	departing
PBtrivial	shrill.01	communication_noise
PBtrivial	smash.02	impact
PBtrivial	clack.01	motion_noise
PBtrivial	traipse.01	self_motion
PBtrivial	waver.01	waver_between_options
PBtrivial	serve.01	assistance
PBtrivial	destroy.01	destroying
PBtrivial	wriggle.02	self_motion
PBtrivial	sense.01	perception_experience
PBtrivial	wriggle.01	body_movement
PBtrivial	retort.01	communication_response
PBtrivial	remark.01	statement
PBtrivial	slumber.01	sleep
PBtrivial	activate.01	change_operational_state
PBtrivial	keep.10	activity_ongoing
PBtrivial	tend.02	likelihood
PBtrivial	hearten.01	experiencer_obj
PBtrivial	stockpile.01	amassing
PBtrivial	shame.01	experiencer_obj
PBtrivial	record.01	recording
PBtrivial	reproduce.01	duplication
PBtrivial	tail.01	cotheme
PBtrivial	clump.01	motion_noise
PBtrivial	commend.01	judgment_communication
PBtrivial	fine.01	fining
PBtrivial	hook.01	attaching
PBtrivial	assure.01	telling
PBtrivial	inhabit.01	residence
PBtrivial	wander.01	self_motion
PBtrivial	fetch.01	bringing
PBtrivial	snack.01	ingestion
PBtrivial	wreathe.01	adorning
PBtrivial	chuckle.02	communication_noise
PBtrivial	sympathize.01	emotion_directed
PBtrivial	chuckle.01	make_noise
PBtrivial	ache.01	perception_body
PBtrivial	kick.01	cause_harm
PBtrivial	screech.03	communication_noise
PBtrivial	acknowledge.01	statement
PBtrivial	adjust.01	adjusting
PBtrivial	head.01	leadership
PBtrivial	assail.01	attack
PBtrivial	purchase.01	commerce_buy
PBtrivial	urinate.01	excreting
PBtrivial	head.02	self_motion
PBtrivial	strut.01	self_motion
PBtrivial	saturate.01	cause_to_be_wet
PBtrivial	unnerve.01	experiencer_obj
PBtrivial	trill.01	communication_noise
PBtrivial	utter.01	text_creation
PBtrivial	trot.01	self_motion
PBtrivial	waffle.01	waver_between_options
PBtrivial	scold.01	judgment_direct_address
PBtrivial	traumatize.01	experiencer_obj
PBtrivial	collaborate.01	collaboration
PBtrivial	sketch.01	create_representation
PBtrivial	help.01	assistance
PBtrivial	shun.01	avoiding
PBtrivial	tie.03	finish_competition
PBtrivial	grimace.01	making_faces
PBtrivial	alarm.01	experiencer_obj
PBtrivial	canter.01	self_motion
PBtrivial	sidle.01	self_motion
PBtrivial	assassinate.01	killing
PBtrivial	frame.06	encoding
PBtrivial	punch.01	cause_harm
PBtrivial	weaken.01	cause_change_of_strength
PBtrivial	help.03	assistance
PBtrivial	strain.01	experience_bodily_harm
PBtrivial	woo.01	forming_relationships
PBtrivial	smile.01	making_faces
PBtrivial	scalp.01	emptying
PBtrivial	indict.01	notification_of_charges
PBtrivial	pursue.01	cotheme
PBtrivial	cap.01	closure
PBtrivial	plop.01	impact
PBtrivial	support.01	taking_sides
PBtrivial	cry.01	communication_noise
PBtrivial	augur.01	omen
PBtrivial	alter.01	cause_change
PBtrivial	terrify.01	experiencer_obj
PBtrivial	paddle.01	operate_vehicle
PBtrivial	sell.01	commerce_sell
PBtrivial	recount.01	statement
PBtrivial	request.01	request
PBtrivial	approach.01	arriving
PBtrivial	sleepwalk.01	self_motion
PBtrivial	assert.02	statement
PBtrivial	infuriate.01	experiencer_obj
PBtrivial	trickle.01	fluidic_motion
NBresource	improbability.01	likelihood
NBresource	wife.01	personal_relationship
NBresource	vial.01	containers
NBresource	ulcer.01	medical_conditions
NBresource	crucible.01	containers
NBresource	grandson.01	kinship
NBresource	busload.01	measure_volume
NBresource	bulletin.01	text
NBresource	seller.02	commerce_scenario
NBresource	roommate.01	people_by_residence
NBresource	roomful.01	measure_volume
NBresource	lawmaker.01	leadership
NBresource	nephew.01	kinship
NBresource	plethora.01	quantity
NBresource	modicum.01	quantity
NBresource	willingness.01	willingness
NBresource	biography.01	text
NBresource	glade.01	biological_area
NBresource	affidavit.01	documents
NBresource	parishioner.01	people_by_jurisdiction
NBresource	countryside.01	locale_by_use
NBresource	weekend.01	calendric_unit
NBresource	widow.01	personal_relationship
NBresource	cluster.01	aggregate
NBresource	unwillingness.01	willingness
NBresource	cousin.01	kinship
NBresource	cousin.02	kinship
NBresource	snippet.01	part_piece
NBresource	thriller.01	text
NBresource	competence.01	expertise
NBresource	protege.01	education_teaching
NBresource	congressman.01	leadership
NBresource	tactic.01	means
NBresource	precision.01	accuracy
NBresource	artist.01	create_physical_artwork
NBresource	photo.01	physical_artworks
NBresource	magistrate.01	people_by_vocation
NBresource	kind.01	type
NBresource	vengeance.02	revenge
NBresource	diagram.01	physical_artworks
NBresource	prince.01	leadership
NBresource	weather.01	weather
NBresource	kind.02	type
NBresource	mayor.01	leadership
NBresource	clan.01	kinship
NBresource	alternative.01	possibilities
NBresource	shoreline.01	relational_natural_features
NBresource	photograph.01	physical_artworks
NBresource	expertise.01	expertise
NBresource	assistant.02	subordinates_and_superiors
NBresource	quake.01	moving_in_place
NBresource	opportunity.01	opportunity
NBresource	predicament.01	predicament
NBresource	aunt.01	kinship
NBresource	expert.01	expertise
NBresource	ignorance.01	awareness
NBresource	lawyer.01	people_by_vocation
NBresource	sibling.01	kinship
NBresource	immunologist.01	medical_professionals
NBresource	apartment.01	building_subparts
NBresource	booklet.01	text
NBresource	thousands.01	quantity
NBresource	disease.01	medical_conditions
NBresource	zenith.01	extreme_point
NBresource	virtuosity.01	expertise
NBresource	frugality.01	frugality
NBresource	slew.01	aggregate
NBresource	sultan.01	leadership
NBresource	exemplar.01	exemplar
NBresource	subset.01	be_subset_of
NBresource	cartel.01	organization
NBresource	namesake.01	namesake
NBresource	architect.01	people_by_vocation
NBresource	citizenry.01	people_by_jurisdiction
NBresource	military.01	military
NBresource	underside.01	part_orientational
NBresource	autobiography.01	text
NBresource	neurologist.01	medical_professionals
NBresource	shah.01	leadership
NBresource	passel.01	aggregate
NBresource	inning.01	part_ordered_segments
NBresource	notoriety.01	fame
NBresource	boatload.01	measure_volume
NBresource	temblor.01	moving_in_place
NBresource	citizen.01	people_by_jurisdiction
NBresource	weariness.01	biological_urge
NBresource	brochure.01	text
NBresource	grandmother.01	kinship
NBresource	gadget.01	gizmo
NBresource	radioactivity.01	nuclear_process
NBresource	homeland.01	foreign_or_domestic_country
NBresource	shard.01	part_piece
NBresource	grandfather.01	kinship
NBresource	chairman.01	leadership
NBresource	screenplay.01	text
NBresource	husband.01	personal_relationship
NBresource	recipe.01	means
NBresource	scientist.01	people_by_vocation
NBresource	downtown.01	locale_by_use
NBresource	friendship.01	personal_relationship
NBresource	cargo.01	store
NBresource	spouse.01	personal_relationship
NBresource	reticence.01	volubility
NBresource	kilometer.01	measure_linear_extent
NBresource	legislature.01	leadership
NBresource	stable.01	buildings
NBresource	stepmother.01	kinship
NBresource	commandant.01	leadership
NBresource	saga.01	text
NBresource	guerrilla.01	people_by_vocation
NBresource	prowess.01	expertise
NBresource	replica.01	duplication
NBresource	poverty.01	wealthiness
NBresource	legislator.01	leadership
NBresource	hospitality.01	hospitality
NBresource	autumn.01	calendric_unit
NBresource	allergy.01	health_response
NBresource	statue.01	physical_artworks
NBresource	daughter.01	kinship
NBresource	illness.01	medical_conditions
NBresource	scarcity.01	scarcity
NBresource	editorial.01	text
NBresource	campus.01	locale_by_use
NBresource	hundreds.01	quantity
NBresource	inaccuracy.01	accuracy
NBresource	thicket.01	biological_area
NBresource	tumor.01	medical_conditions
NBresource	penchant.01	inclination
NBresource	district.01	political_locales
NBresource	soundtrack.01	behind_the_scenes
NBresource	emotion.01	feeling
NBresource	delinquent.01	people_by_morality
NBauto	declaration.01	statement
NBauto	preservation.01	preserving
NBauto	lecture.01	speak_on_topic
NBauto	rebuff.01	respond_to_proposal
NBauto	perception.01	perception_experience
NBauto	attack.01	attack
NBauto	acclaim.01	judgment_communication
NBauto	basis.01	reason
NBauto	devastation.01	destroying
NBauto	effort.01	attempt
NBauto	target.01	aiming
NBauto	battle.01	hostile_encounter
NBauto	wish.01	desiring
NBauto	implementation.01	execute_plan
NBauto	application.02	using
NBauto	dash.02	self_motion
NBauto	depiction.01	communicate_categorization
NBauto	harmony.01	compatibility
NBauto	dismay.01	emotion_directed
NBauto	ascent.01	path_shape
NBauto	resignation.01	quitting
NBauto	gossip.01	chatting
NBauto	supporter.01	taking_sides
NBauto	wrangling.01	quarreling
NBauto	merger.01	amalgamation
NBauto	aim.02	aiming
NBauto	retirement.02	quitting
NBauto	touch.03	quantity
NBauto	aim.01	purpose
NBauto	retirement.01	quitting
NBauto	reform.01	reforming_a_system
NBauto	ridicule.01	judgment_communication
NBauto	disappearance.01	departing
NBauto	swap.01	exchange
NBauto	owner.01	possession
NBauto	characterization.01	communicate_categorization
NBauto	claim.02	claim_ownership
NBauto	operation.02	using
NBauto	player.01	competition
NBauto	claim.01	statement
NBauto	assurance.01	telling
NBauto	preparation.01	activity_prepare
NBauto	impediment.01	hindering
NBauto	win.01	finish_competition
NBauto	decision.01	deciding
NBauto	inspiration.01	subjective_influence
NBauto	mandate.01	grant_permission
NBauto	employment.01	employing
NBauto	swing.02	moving_in_place
NBauto	understanding.01	awareness
NBauto	swing.01	moving_in_place
NBauto	plan.01	purpose
NBauto	definition.01	communicate_categorization
NBauto	question.01	questioning
NBauto	reward.01	rewards_and_punishments
NBauto	practice.01	practice
NBauto	governor.01	leadership
NBauto	extraction.01	removing
NBauto	ruler.01	leadership
NBauto	analysis.01	scrutiny
NBauto	longing.01	desiring
NBauto	abduction.01	kidnapping
NBauto	escape.01	departing
NBauto	ban.01	prohibiting
NBauto	difference.02	similarity
NBauto	damage.01	damaging
NBauto	adjustment.01	adjusting
NBauto	employer.01	employing
NBauto	pursuer.01	cotheme
NBauto	arrest.01	arrest
NBauto	rain.01	precipitation
NBauto	elimination.01	removing
NBauto	evaporation.01	change_of_phase
NBauto	reappraisal.01	assessing
NBauto	sweat.01	excreting
NBauto	wedding.01	forming_relationships
NBauto	monitoring.01	scrutiny
NBauto	regime.01	leadership
NBauto	equipment.01	supply
NBauto	murder.01	killing
NBauto	refusal.01	agree_or_refuse_to_act
NBauto	lack.01	possession
NBauto	decrease.01	change_position_on_a_scale
NBauto	trip.01	travel
NBauto	subpoena.01	documents
NBauto	transport.01	bringing
NBauto	discovery.01	becoming_aware
NBauto	evidence.01	evidence
NBauto	destiny.01	destiny
NBauto	desire.01	desiring
NBauto	reflection.02	cogitation
NBauto	growth.02	cause_expansion
NBauto	blessing.01	rite
NBauto	tumble.01	change_position_on_a_scale
NBauto	response.01	communication_response
NBauto	attempt.01	attempt
NBauto	debate.01	discussion
NBauto	treatment.02	cure
NBauto	appraisal.01	assessing
NBauto	exporter.01	import_export
NBauto	release.01	releasing
NBauto	disapproval.01	judgment
NBauto	cause.01	causation
NBauto	combat.01	hostile_encounter
NBauto	demand.01	request
NBauto	renunciation.01	renunciation
NBauto	raid.01	attack
NBauto	theft.01	theft
NBauto	journey.01	travel
NBauto	backing.01	taking_sides
NBauto	safeguard.01	protecting
NBauto	commencement.01	process_start
NBauto	probe.01	criminal_investigation
NBauto	traveler.01	travel
NBauto	ringer.01	cause_to_make_noise
NBauto	assignment.01	being_obligated
NBauto	permit.01	permitting
NBauto	signal.01	gesture
NBauto	discussion.01	discussion
NBauto	actor.01	intentionally_act
NBauto	trade.01	exchange
NBauto	fate.01	destiny
NBauto	disbursement.01	commerce_pay
NBauto	deception.01	prevarication
NBauto	fluctuation.01	change_position_on_a_scale
NBauto	assessment.01	assessing
NBauto	retailer.01	commerce_sell
NBauto	submission.01	submitting_documents
NBauto	justification.01	justifying
NBauto	addict.01	addiction
NBauto	conversion.01	cause_change
NBauto	scorn.01	judgment
NBauto	demise.01	death
NBauto	failure.01	success_or_failure
NBauto	contribution.01	giving
NBauto	generation.01	intentionally_create
NBauto	order.02	request
NBauto	negotiation.01	discussion
NBauto	creation.01	intentionally_create
NBauto	tour.01	travel
NBauto	strike.01	attack
NBauto	translation.01	translating
NBauto	sympathy.01	emotion_directed
NBauto	attacker.01	attack
NBauto	inventor.01	achieving_first
NBauto	retaliation.01	revenge
NBauto	visitor.01	visiting
NBauto	reaction.01	response
NBauto	exit.01	departing
NBauto	estimation.01	estimating
NBauto	hit.01	impact
NBauto	beheading.01	killing
NBauto	cure.01	cure
NBauto	emigration.01	quitting_a_place
NBauto	assassination.01	killing
NBauto	prosperity.01	thriving
NBauto	placement.01	placing
NBauto	death.01	death
NBauto	opponent.01	taking_sides
NBauto	dependency.01	reliance
NBauto	receipt.01	receiving
NBauto	analyst.01	scrutiny
NBauto	statement.01	statement
NBauto	end.01	process_end
NBauto	glance.01	perception_active
NBauto	killer.01	killing
NBauto	redefinition.01	communicate_categorization
NBauto	obligation.01	being_obligated
NBauto	notification.01	telling
NBauto	inspection.01	inspecting
NBauto	cooperation.01	collaboration
NBauto	enlightenment.01	mental_property
NBauto	donation.01	giving
NBauto	demeanor.01	conduct
NBauto	commitment.01	commitment
NBauto	auction.01	commerce_sell
NBauto	dweller.01	residence
NBauto	conspiracy.01	collaboration
NBauto	meaning.01	linguistic_meaning
NBauto	exercise.02	exercising
NBauto	suspect.01	suspicion
NBauto	winner.01	finish_competition
NBauto	petition.01	request
NBauto	classification.01	categorization
NBauto	attendance.01	attending
NBauto	achievement.01	accomplishment
NBauto	bias.01	partiality
NBauto	reliance.01	reliance
NBauto	custom.02	custom
NBauto	play.07	performing_arts
NBauto	scramble.01	self_motion
NBauto	expectation.01	expectation
NBauto	maker.01	manufacturing
NBauto	construction.01	building
NBauto	example.01	instance
NBauto	reputation.01	fame
NBauto	division.02	non-commutative_process
NBauto	peek.01	perception_active
NBauto	resemblance.01	similarity
NBauto	excursion.01	travel
NBauto	rape.01	rape
NBauto	trouble.01	experiencer_obj
NBauto	compliance.01	compliance
NBauto	abuse.01	abusing
NBauto	decline.01	change_position_on_a_scale
NBauto	shield.01	protecting
NBauto	delivery.01	delivery
NBauto	infection.01	medical_conditions
NBauto	intention.01	purpose
NBauto	importer.01	import_export
NBauto	supply.01	supply
NBauto	indication.01	sign
NBauto	substitution.01	replacing
NBauto	appeal.01	appeal
NBauto	junket.01	travel
NBauto	manufacturer.01	manufacturing
NBauto	origin.01	origin
NBauto	ride.01	ride_vehicle
NBauto	increase.01	change_position_on_a_scale
NBauto	use.01	using
NBauto	revenge.01	revenge
NBauto	ratification.01	ratification
NBauto	reply.01	communication_response
NBauto	hospitalization.01	institutionalization
NBauto	modification.01	cause_change
NBauto	interpretation.01	categorization
NBauto	sigh.01	breathing
NBauto	manufacture.01	manufacturing
NBauto	election.01	change_of_leadership
NBauto	arrival.01	arriving
NBauto	liquidator.01	killing
NBauto	instruction.01	education_teaching
NBauto	realization.02	coming_to_believe
NBauto	star.01	performers_and_roles
NBauto	misrepresentation.01	prevarication
NBauto	modernization.01	cause_to_make_progress
NBauto	search.01	scrutiny
NBauto	decay.01	rotting
NBauto	model.01	exemplar
NBauto	contempt.01	judgment
NBauto	recuperation.01	recovery
NBauto	criticism.01	judgment_communication
NBauto	invention.01	achieving_first
NBauto	enforcement.01	enforcing
NBauto	mine.01	locale_by_use
NBauto	competitor.01	competition
NBauto	removal.01	removing
NBauto	persistence.01	process_continue
NBauto	progress.01	progress
NBauto	report.01	statement
NBauto	accolade.01	judgment
NBauto	pledge.01	commitment
NBauto	recovery.02	recovery
NBauto	recovery.01	recovery
NBauto	destruction.01	destroying
NBauto	government.01	leadership
NBauto	dislike.01	experiencer_focus
NBauto	enjoyment.01	emotions_of_mental_activity
NBauto	originator.01	achieving_first
NBauto	repayment.01	repayment
NBauto	blame.01	judgment
NBauto	rejuvenation.01	rejuvenation
NBauto	resident.01	residence
NBauto	birth.01	birth
NBauto	consideration.02	cogitation
NBauto	fall.01	change_position_on_a_scale
NBauto	grasp.01	grasp
NBauto	outset.01	temporal_subregion
NBauto	escalation.01	change_position_on_a_scale
NBauto	victor.01	finish_competition
NBauto	sentence.01	sentencing
NBauto	struggle.01	hostile_encounter
NBauto	change.01	undergo_change
NBauto	insult.01	cause_emotion
NBauto	dictator.01	leadership
NBauto	mention.01	statement
NBauto	reminder.01	evoking
NBauto	opinion.01	opinion
NBauto	fighting.01	hostile_encounter
NBauto	training.01	education_teaching
NBauto	comment.01	statement
NBauto	graduate.01	education_teaching
NBauto	pursuit.01	cotheme
NBauto	reduction.01	cause_change_of_position_on_a_scale
NBauto	bail.01	bail_decision
NBauto	existence.01	existence
NBauto	embezzlement.01	theft
NBauto	rule.02	leadership
NBauto	rule.01	leadership
NBauto	posture.01	posture
NBauto	provision.01	supply
NBauto	explanation.01	explaining_the_facts
NBauto	praise.01	judgment_communication
NBauto	parallel.01	similarity
NBauto	piracy.01	piracy
NBauto	query.01	questioning
NBauto	education.01	education_teaching
NBauto	bombing.01	attack
NBauto	disclosure.01	reveal_secret
NBauto	commander.01	leadership
NBauto	synthesis.01	intentionally_create
NBauto	representation.01	communicate_categorization
NBauto	conception.01	awareness
NBauto	shopping.01	shopping
NBauto	surprise.01	experiencer_obj
NBauto	transfer.01	transfer
NBauto	critic.01	judgment_communication
NBauto	contention.01	statement
NBauto	dispute.01	quarreling
NBauto	testing.01	operational_testing
NBauto	signature.01	sign_agreement
NBauto	hope.01	desiring
NBauto	imprisonment.01	imprisonment
NBauto	vow.01	commitment
NBauto	announcement.01	statement
NBauto	answer.01	communication_response
NBauto	regulation.01	law
NBauto	deployment.01	arranging
NBauto	exchange.01	exchange
NBauto	payment.01	commerce_pay
NBauto	interrogation.01	questioning
NBauto	firing.01	firing
NBauto	variation.01	cause_change
NBauto	guess.01	coming_to_believe
NBauto	robbery.01	robbery
NBauto	assistance.01	assistance
NBauto	shelter.01	buildings
NBauto	rebellion.01	change_of_leadership
NBauto	pioneer.01	achieving_first
NBauto	prayer.01	rite
NBauto	storage.01	storing
NBauto	gift.01	giving
NBauto	resentment.01	experiencer_focus
NBauto	blemish.01	body_mark
NBauto	delay.01	change_event_time
NBauto	walk.01	self_motion
NBauto	walk.02	self_motion
NBauto	charge.02	attack
NBauto	liquidation.01	killing
NBauto	travel.01	travel
NBauto	revelation.01	reveal_secret
NBauto	scrutiny.01	scrutiny
NBauto	disagreement.01	quarreling
NBauto	link.01	make_cognitive_connection
NBauto	reader.01	reading
NBauto	conduct.01	conduct
NBauto	result.01	causation
NBauto	acquittal.01	verdict
NBauto	bickering.01	quarreling
NBauto	discontinuation.01	process_stop
NBauto	addiction.01	addiction
NBauto	crash.01	impact
NBauto	dissolution.01	dispersal
NBauto	subtraction.01	non-commutative_process
NBauto	endangerment.01	endangering
NBauto	pause.01	activity_pause
NBauto	doubt.01	certainty
NBauto	bearing.02	conduct
NBauto	extradition.01	extradition
NBauto	investment.01	besieging
NBauto	call.02	request
NBauto	discrimination.02	differentiation
NBauto	inference.01	coming_to_believe
NBauto	vendor.01	commerce_sell
NBauto	undertaking.01	commitment
NBauto	allegation.01	statement
NBauto	observance.01	compliance
NBauto	contraction.01	expansion
NBauto	transaction.01	commercial_transaction
NBauto	accomplishment.01	accomplishment
NBauto	interruption.01	interrupt_process
NBauto	design.01	coming_up_with
NBauto	resurrection.01	resurrection
NBauto	employee.01	employing
NBauto	prejudice.01	partiality
NBauto	regret.01	experiencer_focus
NBauto	cost.01	expensiveness
NBauto	accusation.01	judgment_communication
NBauto	return.03	arriving
NBauto	envy.01	experiencer_focus
NBauto	participant.01	participation
NBauto	consultation.01	discussion
NBauto	selection.01	choosing
NBauto	survey.01	scrutiny
NBauto	inquiry.01	questioning
NBauto	presumption.01	awareness
NBauto	teacher.01	education_teaching
NBauto	slump.01	thriving
NBauto	survival.01	surviving
NBauto	thought.01	cogitation
NBauto	compliment.01	judgment_direct_address
NBauto	bite.02	measure_by_action
NBauto	departure.01	departing
NBauto	participation.01	participation
NBauto	need.01	needing
NBauto	behavior.01	conduct
NBauto	turn.01	change_direction
NBauto	thief.01	theft
NBauto	try.01	attempt
NBauto	pick.01	choosing
NBauto	slaughter.01	killing
NBauto	action.01	intentionally_act
NBauto	look.01	perception_active
NBauto	prevention.01	preventing
NBauto	derision.01	judgment_communication
NBauto	rise.01	change_position_on_a_scale
NBauto	slaying.01	killing
NBauto	remark.01	statement
NBauto	match.01	evaluative_comparison
NBauto	indictment.01	notification_of_charges
NBauto	proliferation.01	proliferating_in_number
NBauto	list.02	text
NBauto	list.01	text
NBauto	shuffle.01	self_motion
NBauto	prohibition.01	prohibiting
NBauto	producer.01	manufacturing
NBauto	fine.01	fining
NBauto	manufacturing.01	manufacturing
NBauto	complaint.02	complaining
NBauto	commission.01	committing_crime
NBauto	defection.01	quitting_a_place
NBauto	commission.02	hiring
NBauto	entrance.01	arriving
NBauto	kidnapping.01	kidnapping
NBauto	study.01	scrutiny
NBauto	argument.02	quarreling
NBauto	occupant.01	residence
NBauto	remedy.01	cure
NBauto	jaunt.01	travel
NBauto	farming.01	agriculture
NBauto	fabrication.01	manufacturing
NBauto	push.01	cause_change_of_position_on_a_scale
NBauto	supplier.01	supply
NBauto	push.02	cause_change_of_position_on_a_scale
NBauto	affirmation.01	statement
NBauto	formation.01	creating
NBauto	murderer.01	killing
NBauto	dismissal.01	firing
NBauto	return.01	arriving
NBauto	rehabilitation.01	cure
NBauto	respect.01	judgment
NBauto	conference.01	discussion
NBauto	stroke.01	manipulation
NBauto	avoidance.01	avoiding
NBauto	separation.01	forming_relationships
NBauto	entry.01	arriving
NBauto	help.01	assistance
NBauto	craving.01	desiring
NBauto	copy.01	duplication
NBauto	emphasis.01	place_weight_on
NBauto	mockery.01	judgment
NBauto	relaxation.01	stimulus_focus
NBauto	celebration.02	social_event
NBauto	confinement.01	inhibit_movement
NBauto	completion.01	activity_finish
NBauto	sacrifice.01	rite
NBauto	execution.01	execution
NBauto	test.01	operational_testing
NBauto	violation.01	compliance
NBauto	act.03	intentionally_act
NBauto	request.01	request
NBauto	robber.01	robbery
NBauto	research.01	research
NBauto	competition.01	competition
